id,user_id,subscription_id,status,joined_at,left_at,reason,subscription_missing,status_left_incoherent
563,1485,231,1,2024-12-06 21:23:01+00:00,,,0,0
1042,690,399,2,2024-09-23 02:25:46+00:00,2025-03-31 22:56:44+00:00,fraud,0,0
72,56,31,1,2025-02-15 18:19:15+00:00,,,0,0
414,590,168,1,2024-08-06 15:33:32+00:00,,,0,0
413,20,168,1,2024-05-19 10:34:05+00:00,,,0,0
848,1282,335,1,2022-11-09 09:23:58+00:00,,,0,0
822,407,324,1,2025-05-21 08:18:59+00:00,,,0,0
702,513,275,3,2024-03-06 01:54:28+00:00,2025-04-07 12:17:17+00:00,inactive,0,0
309,372,125,1,2025-04-20 16:23:38+00:00,,,0,0
605,1990,244,1,2022-07-08 02:04:36+00:00,,,0,0
49,710,20,1,2020-12-03 04:24:03+00:00,,,0,0
45,999,20,1,2020-06-17 10:38:58+00:00,,,0,0
134,1294,56,0,2025-02-20 11:39:30+00:00,,,0,0
968,79,379,5,2024-10-09 00:25:02+00:00,,,0,0
1036,720,398,1,2021-09-03 03:06:10+00:00,,,0,0
829,1071,327,4,2024-06-12 19:20:53+00:00,,,0,0
105,1203,48,3,2023-11-29 23:11:18+00:00,2024-07-24 12:43:02+00:00,owner_request,0,0
766,1164,300,2,2023-12-16 17:43:36+00:00,2024-09-29 18:56:16+00:00,owner_request,0,0
486,1258,199,2,2021-05-06 04:23:19+00:00,2022-12-20 00:06:56+00:00,,0,0
795,510,315,7,2024-11-05 08:28:01+00:00,2025-02-15 16:26:00+00:00,inactive,0,0
169,390,67,3,2023-05-30 15:51:02+00:00,2025-01-31 02:32:10+00:00,owner_request,0,0
295,1262,118,0,2025-04-12 05:21:26+00:00,,,0,0
666,962,262,2,2025-04-14 08:33:19+00:00,,owner_request,0,0
818,906,322,1,2024-03-21 12:30:53+00:00,,,0,0
834,233,329,1,2022-07-24 02:48:44+00:00,,,0,0
1015,1817,393,4,2023-07-11 04:22:58+00:00,,,0,0
1019,1073,394,1,2024-11-03 07:02:32+00:00,,,0,0
426,1446,172,1,2024-06-18 12:58:33+00:00,,,0,0
476,458,193,1,2024-07-08 22:59:25+00:00,,,0,0
497,1985,203,1,2021-04-06 23:46:54+00:00,,,0,0
324,1589,132,1,2023-09-01 03:14:55+00:00,,,0,0
771,808,303,1,2024-02-01 11:52:21+00:00,,,0,0
842,945,333,3,2024-12-16 20:42:04+00:00,2025-02-10 02:52:32+00:00,,0,0
115,64,50,3,2023-03-13 13:03:16+00:00,2024-03-27 14:17:40+00:00,,0,0
725,921,283,6,2025-02-19 17:36:15+00:00,2025-04-07 14:00:55+00:00,payment_failed,0,0
21,161,11,3,2024-07-31 17:09:34+00:00,2024-11-26 22:42:45+00:00,owner_request,0,0
313,1649,126,1,2024-11-01 20:22:09+00:00,,,0,0
449,1351,183,2,2025-03-06 23:00:30+00:00,2025-04-10 18:22:20+00:00,,0,0
785,1573,311,1,2023-03-15 15:06:57+00:00,,,0,0
349,574,145,1,2022-08-21 04:10:39+00:00,,,0,0
442,1046,178,6,2022-06-04 04:05:21+00:00,2024-08-15 02:29:34+00:00,voluntary,0,0
318,1980,128,3,2024-01-11 23:38:58+00:00,2024-05-03 03:10:16+00:00,voluntary,0,0
467,716,191,5,2025-05-28 01:17:31+00:00,,,0,0
239,259,97,2,2024-05-26 11:52:51+00:00,2025-04-05 05:23:13+00:00,inactive,0,0
775,1400,305,1,2023-10-28 17:35:22+00:00,,,0,0
765,884,300,2,2024-03-02 21:16:25+00:00,2025-05-28 10:43:19+00:00,,0,0
337,1054,140,1,2023-10-05 16:48:34+00:00,,,0,0
972,1119,380,1,2025-05-01 19:34:03+00:00,,,0,0
704,1364,275,1,2022-06-21 11:36:07+00:00,,,0,0
801,1989,316,7,2021-02-26 12:56:52+00:00,2024-05-19 09:51:46+00:00,,0,0
1048,1,400,1,2024-08-19 08:35:43+00:00,,,0,0
739,601,289,4,2022-10-20 17:48:03+00:00,,,0,0
700,499,272,1,2023-08-21 08:01:28+00:00,,,0,0
637,1424,255,7,2024-11-25 19:36:44+00:00,2024-12-03 22:53:16+00:00,payment_failed,0,0
676,1377,265,1,2024-07-28 11:30:04+00:00,,,0,0
92,864,42,5,2021-10-20 17:12:12+00:00,,,0,0
630,447,250,2,2023-11-28 06:04:55+00:00,2024-03-22 16:24:52+00:00,payment_failed,0,0
458,1370,186,1,2023-06-05 13:30:06+00:00,,,0,0
875,1201,344,2,2023-06-22 21:01:33+00:00,2024-09-13 08:26:41+00:00,owner_request,0,0
919,1629,358,4,2023-02-14 11:53:30+00:00,,,0,0
153,771,63,2,2024-07-12 12:00:38+00:00,2025-05-15 03:28:51+00:00,voluntary,0,0
302,554,120,7,2024-09-10 04:35:26+00:00,2024-12-08 16:51:23+00:00,,0,0
534,1422,216,0,2025-04-10 19:36:24+00:00,,,0,0
575,1562,234,2,2023-05-01 23:57:38+00:00,2023-08-25 23:58:11+00:00,payment_failed,0,0
229,1035,92,1,2024-11-24 08:49:21+00:00,,,0,0
644,1375,257,6,2021-04-20 00:12:58+00:00,2022-11-17 07:17:33+00:00,owner_request,0,0
920,199,358,1,2024-08-21 09:11:23+00:00,,,0,0
16,576,24,1,2024-01-19 00:52:45+00:00,,,0,0
321,340,129,6,2025-02-04 23:18:32+00:00,2025-03-27 15:49:20+00:00,,0,0
790,1490,314,1,2025-01-21 03:58:06+00:00,,,0,0
250,1818,100,1,2022-06-16 05:17:56+00:00,,,0,0
797,1441,316,1,2022-03-14 04:38:19+00:00,,,0,0
839,1520,332,3,2025-04-19 15:08:53+00:00,2025-05-30 12:48:45+00:00,,0,0
240,1669,97,5,2024-07-27 17:18:04+00:00,,,0,0
196,157,78,3,2023-12-03 15:28:50+00:00,2023-12-10 08:57:52+00:00,payment_failed,0,0
952,85,371,1,2024-01-01 04:36:09+00:00,,,0,0
734,1951,287,1,2024-08-04 06:33:39+00:00,,,0,0
174,69,71,1,2023-12-25 19:24:42+00:00,,,0,0
509,924,206,1,2023-12-18 08:26:58+00:00,,,0,0
1026,1481,396,1,2024-12-23 17:44:22+00:00,,,0,0
1,1151,1,3,2024-01-05 03:44:58+00:00,2024-10-05 11:23:04+00:00,,0,0
296,73,118,2,2024-12-18 19:36:30+00:00,,,0,0
80,1554,185,2,2024-08-22 12:01:58+00:00,2024-10-23 18:15:01+00:00,fraud,0,0
607,1087,244,2,2024-05-02 09:48:17+00:00,2024-06-01 16:22:04+00:00,,0,0
1003,670,389,1,2021-10-12 03:57:56+00:00,,,0,0
678,1907,265,1,2024-08-23 13:02:36+00:00,2025-03-11 07:56:18+00:00,,0,1
611,1886,246,1,2024-07-10 03:47:51+00:00,,,0,0
157,173,64,2,2025-02-27 03:40:32+00:00,2025-03-19 09:16:26+00:00,voluntary,0,0
52,1616,23,2,2024-12-03 13:24:27+00:00,2024-12-22 06:00:12+00:00,voluntary,0,0
896,456,352,2,2024-10-12 20:51:22+00:00,2024-12-12 23:23:22+00:00,fraud,0,0
459,580,186,2,2021-02-08 11:57:03+00:00,2023-01-03 04:37:32+00:00,,0,0
179,1510,72,1,2022-12-29 23:01:31+00:00,,,0,0
419,1299,170,2,2021-03-24 05:28:27+00:00,2021-10-05 18:23:11+00:00,inactive,0,0
1024,1802,395,0,2024-12-13 15:34:47+00:00,,,0,0
703,456,275,1,2022-02-05 17:06:23+00:00,,,0,0
213,1224,84,1,2025-05-08 18:30:07+00:00,,,0,0
590,1651,238,2,2022-11-25 22:48:57+00:00,2024-09-01 17:19:20+00:00,voluntary,0,0
195,1018,78,1,2023-10-23 14:36:02+00:00,,,0,0
934,1204,364,1,2025-04-30 11:54:01+00:00,,,0,0
779,1171,307,2,2024-02-19 06:04:44+00:00,2024-04-06 17:38:10+00:00,,0,0
136,830,57,0,2022-10-07 01:39:52+00:00,,,0,0
833,1239,329,1,2024-09-13 23:33:44+00:00,,,0,0
159,100,64,1,2022-08-25 04:31:51+00:00,,,0,0
756,1737,295,7,2024-07-23 22:11:52+00:00,2024-09-25 05:47:32+00:00,owner_request,0,0
65,493,28,1,2023-08-25 18:26:23+00:00,,,0,0
118,17,50,5,2025-02-17 21:36:33+00:00,,,0,0
816,1933,322,1,2025-03-15 06:02:10+00:00,,,0,0
282,538,114,2,2025-05-29 01:07:49+00:00,2025-05-29 13:43:26+00:00,owner_request,0,0
470,580,191,3,2025-04-20 04:09:48+00:00,2025-04-20 18:51:40+00:00,,0,0
508,146,206,5,2021-01-06 11:30:03+00:00,,,0,0
735,636,287,2,2022-09-24 02:20:35+00:00,2023-05-24 22:20:29+00:00,,0,0
412,601,168,2,2025-03-30 01:53:45+00:00,2025-05-09 17:40:52+00:00,voluntary,0,0
90,97,41,4,2024-11-07 02:40:41+00:00,,,0,0
659,586,260,2,2023-07-10 06:44:08+00:00,2024-09-02 20:32:13+00:00,inactive,0,0
199,1270,79,5,2021-06-17 17:22:40+00:00,,,0,0
564,1631,231,1,2024-12-03 19:52:20+00:00,,,0,0
803,814,317,5,2024-09-22 03:10:07+00:00,,,0,0
510,1896,207,1,2024-04-21 08:01:50+00:00,,,0,0
536,271,216,3,2025-04-21 12:37:50+00:00,2025-04-26 08:02:22+00:00,,0,0
805,19,317,2,2024-04-04 22:10:12+00:00,2024-05-25 22:55:56+00:00,owner_request,0,0
242,1077,98,3,2021-11-07 13:07:49+00:00,2021-11-10 01:10:14+00:00,,0,0
929,1212,362,1,2024-04-26 13:21:28+00:00,,,0,0
310,542,125,4,2025-04-28 02:12:08+00:00,,,0,0
373,704,154,2,2024-03-16 04:20:01+00:00,2024-04-22 21:33:37+00:00,voluntary,0,0
345,55,141,0,2022-03-31 06:59:52+00:00,,,0,0
7,654,4,1,2023-12-12 05:35:32+00:00,,,0,0
588,1189,238,1,2025-03-09 19:29:15+00:00,,,0,0
808,395,319,1,2022-04-15 20:34:53+00:00,,,0,0
347,1210,142,1,2023-04-25 18:54:18+00:00,,,0,0
124,344,53,1,2024-12-29 08:26:19+00:00,,,0,0
969,1160,379,0,2023-12-04 05:43:38+00:00,,,0,0
144,1491,60,0,2025-02-17 19:54:57+00:00,,,0,0
923,1984,359,2,2024-05-04 10:23:16+00:00,2024-06-17 16:11:15+00:00,,0,0
330,1248,136,1,2024-04-08 19:46:07+00:00,,,0,0
38,174,18,3,2024-07-30 00:50:00+00:00,2024-09-28 22:09:29+00:00,,0,0
434,371,176,1,2023-03-11 17:57:21+00:00,,,0,0
868,1081,343,4,2024-11-01 20:51:26+00:00,,,0,0
135,1967,56,1,2024-03-12 20:52:31+00:00,,,0,0
410,1832,167,5,2024-12-12 02:33:51+00:00,,,0,0
774,1497,305,1,2025-02-13 11:03:18+00:00,,,0,0
755,542,295,3,2025-04-12 07:00:40+00:00,2025-05-30 18:50:22+00:00,,0,0
668,177,263,6,2022-02-12 11:29:57+00:00,2024-04-20 20:54:37+00:00,inactive,0,0
996,93,386,1,2023-07-10 15:28:34+00:00,,,0,0
183,964,73,1,2023-11-27 01:20:18+00:00,,,0,0
450,159,183,1,2025-02-19 13:15:20+00:00,,,0,0
895,630,352,3,2024-02-05 14:01:39+00:00,2024-05-27 11:51:47+00:00,voluntary,0,0
522,1677,211,3,2024-03-02 06:02:44+00:00,2024-12-07 00:31:53+00:00,payment_failed,0,0
140,936,58,1,2024-05-17 07:35:17+00:00,,,0,0
149,703,61,0,2024-01-22 02:01:12+00:00,,,0,0
95,1032,44,1,2022-03-11 09:58:00+00:00,,,0,0
456,1221,185,7,2023-07-22 13:12:49+00:00,2024-11-21 02:35:08+00:00,voluntary,0,0
375,239,155,4,2025-05-09 06:07:01+00:00,,,0,0
873,1664,344,1,2023-10-07 20:35:38+00:00,,,0,0
51,1403,23,3,2025-01-27 08:31:16+00:00,2025-03-26 03:25:32+00:00,,0,0
685,592,268,2,2025-03-25 12:40:15+00:00,2025-05-31 03:20:50+00:00,,0,0
861,322,341,4,2022-09-03 02:35:49+00:00,,,0,0
392,1040,162,1,2024-08-20 15:26:09+00:00,,,0,0
692,751,269,6,2024-12-08 02:46:01+00:00,2025-01-13 13:17:56+00:00,payment_failed,0,0
1058,1087,485,1,2024-12-24 02:56:40+00:00,,,1,0
988,308,384,2,2024-07-05 08:38:01+00:00,2025-04-15 16:46:30+00:00,payment_failed,0,0
322,987,132,1,2024-12-29 20:45:10+00:00,,,0,0
234,1489,94,2,2024-12-04 12:20:31+00:00,2024-12-06 06:51:04+00:00,owner_request,0,0
84,1983,38,1,2020-09-03 14:52:58+00:00,,,0,0
155,790,63,1,2024-04-21 22:48:54+00:00,,,0,0
549,239,223,2,2024-11-23 06:41:31+00:00,2025-03-21 06:05:00+00:00,payment_failed,0,0
1029,371,396,1,2025-02-27 14:23:49+00:00,,,0,0
176,1341,71,1,2025-01-14 08:22:40+00:00,,,0,0
97,447,45,2,2023-12-31 13:41:42+00:00,2024-04-22 14:00:36+00:00,owner_request,0,0
841,1819,333,5,2025-04-03 10:22:19+00:00,,,0,0
545,1287,221,5,2023-12-01 08:44:23+00:00,,,0,0
268,658,108,2,2024-02-25 20:25:46+00:00,2024-03-12 01:59:23+00:00,,0,0
851,850,336,1,2025-03-05 05:30:57+00:00,,,0,0
380,1848,156,1,2025-05-14 04:36:32+00:00,,,0,0
372,897,154,1,2024-11-03 04:25:09+00:00,,,0,0
98,1657,45,1,2022-08-03 17:10:46+00:00,,,0,0
1027,1761,396,1,2024-05-15 09:56:24+00:00,2025-05-25 22:50:19+00:00,,0,1
882,1143,347,2,2023-08-21 14:43:52+00:00,,inactive,0,0
594,1743,239,2,2023-08-29 04:15:45+00:00,2024-07-08 10:24:07+00:00,payment_failed,0,0
154,1325,63,2,2024-07-02 03:28:36+00:00,2025-04-22 19:27:16+00:00,,0,0
926,1889,361,2,2024-10-19 17:03:54+00:00,2025-01-19 12:22:28+00:00,fraud,0,0
76,1597,33,3,2024-07-02 05:25:23+00:00,2024-09-05 08:11:39+00:00,fraud,0,0
233,263,94,5,2024-11-12 23:15:12+00:00,,,0,0
783,439,310,4,2024-06-30 11:44:23+00:00,,,0,0
138,1042,57,2,2025-05-29 09:14:02+00:00,2025-05-30 05:14:31+00:00,owner_request,0,0
782,1639,309,3,2022-12-02 08:21:38+00:00,2023-11-29 15:33:37+00:00,owner_request,0,0
705,564,275,0,2025-03-18 14:42:45+00:00,,,0,0
546,284,223,7,2022-07-01 09:29:05+00:00,2024-10-02 04:44:10+00:00,inactive,0,0
993,568,385,3,2025-05-24 21:47:01+00:00,2025-05-25 19:39:34+00:00,owner_request,0,0
82,277,37,2,2021-08-29 17:28:39+00:00,2022-02-17 04:41:57+00:00,owner_request,0,0
640,1155,256,6,2023-10-19 04:14:41+00:00,2025-01-24 22:21:04+00:00,voluntary,0,0
150,365,61,2,2025-02-01 10:27:54+00:00,2025-02-15 10:28:47+00:00,fraud,0,0
886,1834,348,5,2025-05-13 09:57:57+00:00,,,0,0
627,628,249,0,2024-08-15 20:20:26+00:00,,,0,0
767,1410,301,1,2024-11-12 19:13:42+00:00,,,0,0
865,840,342,1,2025-02-23 07:54:04+00:00,,,0,0
548,1290,223,7,2024-08-17 13:37:50+00:00,2024-11-12 07:21:01+00:00,,0,0
511,1094,207,2,2024-05-20 18:05:10+00:00,2024-09-12 10:41:35+00:00,fraud,0,0
191,1502,75,2,2025-03-06 19:01:20+00:00,2025-03-23 01:41:50+00:00,owner_request,0,0
655,1719,259,3,2021-02-05 05:55:38+00:00,2022-06-09 17:48:12+00:00,inactive,0,0
192,671,77,1,2024-11-20 14:43:51+00:00,2025-05-13 19:56:45+00:00,,0,1
452,856,184,5,2023-03-04 16:26:42+00:00,,,0,0
216,780,86,0,2024-05-19 15:39:48+00:00,,,0,0
50,1329,22,1,2023-02-02 00:06:17+00:00,,,0,0
568,982,232,7,2022-11-15 15:49:16+00:00,2024-10-24 02:34:58+00:00,voluntary,0,0
163,1463,66,3,2024-10-06 11:13:12+00:00,2024-10-25 00:54:29+00:00,fraud,0,0
706,543,276,1,2024-02-18 19:46:24+00:00,,,0,0
64,1402,28,3,2021-08-16 04:24:54+00:00,2024-06-30 21:26:31+00:00,inactive,0,0
662,852,261,1,2024-04-12 01:26:07+00:00,,,0,0
69,869,30,3,2022-06-13 06:23:13+00:00,2022-06-14 14:01:13+00:00,owner_request,0,0
519,1660,210,1,2024-08-22 18:49:11+00:00,,,0,0
899,1302,352,0,2025-03-30 13:42:30+00:00,,,0,0
483,1692,196,1,2022-09-26 18:16:16+00:00,,,0,0
333,814,138,1,2025-05-03 22:50:30+00:00,,,0,0
609,125,246,6,2023-06-27 01:19:59+00:00,2023-11-26 02:31:04+00:00,owner_request,0,0
871,1424,343,2,2024-03-07 21:08:51+00:00,2024-10-30 08:51:01+00:00,inactive,0,0
612,1183,247,5,2025-05-21 10:00:00+00:00,,,0,0
73,1046,31,6,2025-04-01 23:10:28+00:00,2025-04-22 23:32:27+00:00,fraud,0,0
260,403,103,2,2023-11-12 14:35:42+00:00,2024-01-07 12:34:33+00:00,,0,0
973,562,380,1,2022-02-14 02:14:38+00:00,,,0,0
925,392,361,2,2023-06-24 08:34:11+00:00,2025-05-18 16:36:50+00:00,owner_request,0,0
167,718,110,4,2024-11-24 22:35:41+00:00,,,0,0
831,475,329,1,2024-07-16 03:54:04+00:00,,,0,0
715,601,279,1,2023-06-28 16:01:40+00:00,,,0,0
1013,722,392,1,2024-08-24 15:31:23+00:00,,,0,0
471,1957,192,1,2023-05-02 12:51:35+00:00,2023-06-16 10:23:41+00:00,,0,1
837,678,331,5,2023-07-30 03:14:09+00:00,,,0,0
572,341,233,1,2025-05-09 11:38:52+00:00,,,0,0
827,1614,327,0,2024-08-25 17:24:43+00:00,,,0,0
654,1330,259,3,2022-02-16 09:30:26+00:00,2025-05-04 02:33:42+00:00,,0,0
820,231,324,1,2024-08-29 03:31:28+00:00,,,0,0
3,316,2,5,2023-08-08 15:49:42+00:00,,,0,0
542,287,219,2,2023-09-01 02:13:12+00:00,2024-04-23 09:42:58+00:00,,0,0
622,1412,248,0,2024-05-10 15:22:49+00:00,,,0,0
821,849,324,1,2023-12-12 14:31:08+00:00,,,0,0
286,716,114,5,2024-04-21 00:00:32+00:00,,,0,0
232,1867,93,2,2025-03-10 04:38:20+00:00,2025-04-02 06:24:54+00:00,voluntary,0,0
487,801,199,5,2023-10-22 01:10:29+00:00,,,0,0
221,472,87,3,2024-11-05 02:57:34+00:00,2025-03-21 16:59:41+00:00,fraud,0,0
893,1073,351,4,2025-04-08 09:45:14+00:00,,,0,0
370,442,152,2,2024-11-08 07:13:13+00:00,,owner_request,0,0
758,1194,296,3,2025-01-11 10:44:40+00:00,2025-03-06 15:11:58+00:00,payment_failed,0,0
109,1973,48,2,2024-09-24 20:39:11+00:00,2025-03-10 09:17:14+00:00,fraud,0,0
513,1228,208,5,2024-06-29 10:31:09+00:00,,,0,0
194,1397,78,4,2024-09-30 07:44:13+00:00,,,0,0
503,1654,205,4,2022-09-14 15:01:39+00:00,,,0,0
651,1584,258,1,2023-04-14 18:59:53+00:00,,,0,0
463,1079,188,3,2025-04-01 01:09:38+00:00,2025-05-14 16:25:57+00:00,owner_request,0,0
556,1401,227,1,2025-02-01 16:20:57+00:00,,,0,0
608,372,245,4,2021-12-16 05:58:59+00:00,,,0,0
114,345,49,4,2023-10-02 08:32:52+00:00,,,0,0
415,750,169,2,2023-08-01 10:15:15+00:00,2023-08-27 02:24:21+00:00,payment_failed,0,0
577,1397,234,1,2025-02-21 13:14:39+00:00,,,0,0
71,465,30,2,2021-08-31 02:59:49+00:00,2023-12-05 08:20:01+00:00,,0,0
75,1414,32,1,2025-03-21 15:00:11+00:00,,,0,0
396,1480,163,2,2022-08-20 01:38:14+00:00,2024-09-29 02:57:37+00:00,inactive,0,0
107,1439,48,2,2022-07-19 06:01:45+00:00,2025-04-02 07:44:06+00:00,,0,0
494,1789,201,2,2024-12-25 14:08:25+00:00,2025-05-19 03:05:45+00:00,voluntary,0,0
376,1853,155,2,2024-07-20 08:17:07+00:00,2024-07-22 20:30:35+00:00,owner_request,0,0
913,344,355,3,2022-11-18 05:25:50+00:00,2024-11-03 16:22:22+00:00,payment_failed,0,0
995,1301,385,5,2025-04-11 21:03:34+00:00,,,0,0
867,1216,343,1,2020-08-29 13:38:57+00:00,,,0,0
93,549,43,0,2025-04-11 02:35:49+00:00,,,0,0
741,60,289,1,2025-05-02 23:20:57+00:00,2025-05-26 10:13:17+00:00,,0,1
249,1981,100,1,2024-09-15 12:33:34+00:00,,,0,0
288,91,115,4,2022-11-18 12:59:10+00:00,,,0,0
901,1045,353,4,2023-07-23 13:48:29+00:00,,,0,0
689,634,268,5,2022-08-02 11:13:10+00:00,,,0,0
479,399,194,1,2024-10-17 06:34:06+00:00,,,0,0
749,335,294,0,2025-03-17 06:28:58+00:00,,,0,0
17,306,10,1,2025-03-20 09:09:25+00:00,,,0,0
625,1752,249,2,2023-01-30 00:02:01+00:00,2024-01-11 08:53:43+00:00,,0,0
694,1605,269,1,2025-04-24 17:45:46+00:00,,,0,0
781,666,307,1,2024-01-27 17:33:49+00:00,,,0,0
81,1181,37,6,2024-10-24 04:04:07+00:00,2025-04-16 11:08:51+00:00,inactive,0,0
574,416,234,1,2022-06-13 20:08:39+00:00,,,0,0
87,1543,40,1,2023-04-21 08:31:01+00:00,,,0,0
914,584,356,2,2023-11-07 20:04:48+00:00,2025-01-19 03:01:35+00:00,payment_failed,0,0
304,1259,123,1,2022-02-22 21:01:11+00:00,,,0,0
653,634,258,2,2023-04-08 15:17:54+00:00,2025-04-16 11:49:12+00:00,payment_failed,0,0
416,174,170,6,2022-12-13 20:30:24+00:00,2023-03-14 23:02:25+00:00,voluntary,0,0
307,1361,124,6,2022-04-06 03:32:37+00:00,2025-02-15 11:05:57+00:00,,0,0
918,1361,358,2,2024-11-13 13:43:23+00:00,2025-04-03 13:45:19+00:00,,0,0
947,1665,369,5,2025-01-14 02:11:36+00:00,,,0,0
754,1247,295,1,2024-06-30 11:17:09+00:00,,,0,0
18,705,10,3,2024-09-30 08:47:12+00:00,2025-04-21 16:50:12+00:00,owner_request,0,0
305,848,124,4,2023-12-03 02:46:28+00:00,,,0,0
13,704,8,3,2022-02-14 15:02:14+00:00,2024-07-07 04:06:23+00:00,voluntary,0,0
177,1772,71,1,2025-02-13 19:27:04+00:00,,,0,0
932,797,362,5,2022-10-18 19:48:36+00:00,,,0,0
711,1882,278,3,2023-04-20 00:26:42+00:00,2025-05-25 09:14:39+00:00,,0,0
971,538,380,1,2023-03-28 13:43:46+00:00,,,0,0
507,469,206,3,2024-04-28 16:18:10+00:00,2024-12-09 02:21:30+00:00,voluntary,0,0
19,717,11,1,2024-01-14 18:10:56+00:00,,,0,0
383,790,237,2,2025-04-20 12:33:02+00:00,2025-05-23 08:13:08+00:00,owner_request,0,0
36,679,18,2,2024-11-05 22:31:42+00:00,2025-02-24 17:08:06+00:00,,0,0
123,1457,52,1,2023-11-17 03:28:55+00:00,,,0,0
1012,168,391,6,2022-12-05 17:11:19+00:00,2024-06-09 22:08:43+00:00,payment_failed,0,0
1031,874,397,3,2023-11-20 00:01:45+00:00,2024-05-05 09:07:24+00:00,inactive,0,0
340,669,140,2,2023-12-02 04:12:14+00:00,2024-08-20 18:19:17+00:00,owner_request,0,0
603,908,242,1,2024-03-13 03:47:13+00:00,,,0,0
1021,446,395,1,2024-12-27 03:25:43+00:00,,,0,0
117,1507,50,1,2024-09-18 18:20:13+00:00,,,0,0
661,1702,260,7,2020-12-25 07:31:23+00:00,2022-05-29 10:35:39+00:00,fraud,0,0
1033,822,397,0,2024-06-17 17:58:18+00:00,,,0,0
289,1591,116,1,2025-01-24 17:34:42+00:00,,,0,0
48,500,20,2,2025-03-21 16:41:18+00:00,2025-05-20 04:53:25+00:00,voluntary,0,0
565,1949,231,2,2025-03-07 14:46:48+00:00,2025-03-29 16:36:37+00:00,,0,0
162,148,66,7,2024-01-19 13:42:14+00:00,2024-06-19 22:41:40+00:00,payment_failed,0,0
950,866,370,1,2022-04-20 09:50:46+00:00,,,0,0
943,1753,368,5,2025-04-11 09:31:42+00:00,,,0,0
1000,741,388,2,2025-05-21 02:07:21+00:00,2025-05-24 12:19:51+00:00,,0,0
830,1756,329,7,2025-05-09 22:57:41+00:00,2025-05-20 18:12:17+00:00,,0,0
696,1639,271,2,2024-09-17 11:58:59+00:00,2025-05-14 11:42:44+00:00,,0,0
539,1963,217,3,2021-11-11 05:21:39+00:00,2025-01-19 01:38:35+00:00,voluntary,0,0
41,1756,19,2,2025-02-20 06:40:22+00:00,2025-05-14 06:19:05+00:00,payment_failed,0,0
101,374,45,1,2024-06-08 10:31:27+00:00,,,0,0
814,298,321,2,2025-01-02 09:32:43+00:00,2025-01-08 17:11:59+00:00,owner_request,0,0
582,1399,236,5,2022-05-12 17:16:27+00:00,,,0,0
729,1852,286,2,2025-02-03 23:45:35+00:00,2025-02-13 05:03:39+00:00,fraud,0,0
773,1653,304,2,2024-05-15 13:52:00+00:00,2024-10-12 09:00:44+00:00,,0,0
377,620,155,1,2024-07-11 16:14:26+00:00,,,0,0
855,245,338,1,2024-06-23 22:53:24+00:00,,,0,0
290,619,117,0,2025-01-16 23:34:56+00:00,,,0,0
367,1556,151,7,2025-02-18 01:26:56+00:00,2025-03-13 23:36:54+00:00,payment_failed,0,0
862,1985,341,4,2022-12-31 12:49:45+00:00,,,0,0
550,1211,224,1,2021-03-12 21:04:58+00:00,,,0,0
306,1973,124,1,2022-02-19 18:46:49+00:00,,,0,0
911,65,355,1,2021-08-13 07:28:11+00:00,,,0,0
917,1548,358,4,2024-10-10 18:39:20+00:00,,,0,0
657,1884,259,0,2024-01-14 03:57:52+00:00,,,0,0
323,1174,132,7,2021-09-25 03:33:55+00:00,2024-07-18 14:21:13+00:00,,0,0
811,434,320,4,2025-05-13 21:36:12+00:00,,,0,0
850,736,336,3,2025-03-20 16:48:51+00:00,2025-05-15 09:48:52+00:00,inactive,0,0
435,975,176,0,2023-04-17 05:55:29+00:00,,,0,0
712,939,278,2,2023-01-02 23:21:08+00:00,2025-04-13 14:06:02+00:00,voluntary,0,0
108,1896,48,1,2022-06-26 11:20:06+00:00,,,0,0
278,1487,111,5,2023-09-04 19:37:57+00:00,,,0,0
214,699,85,1,2022-05-10 18:50:23+00:00,,,0,0
61,1600,27,4,2025-05-26 14:51:03+00:00,,,0,0
578,811,235,1,2022-08-26 12:45:02+00:00,,,0,0
1020,1906,395,1,2024-04-18 07:28:08+00:00,,,0,0
617,1458,247,0,2024-10-06 17:56:52+00:00,,,0,0
810,1419,319,3,2022-01-13 12:01:55+00:00,2024-05-17 12:47:24+00:00,owner_request,0,0
311,879,126,1,2025-04-10 14:12:31+00:00,,,0,0
180,1544,72,5,2024-03-13 13:43:19+00:00,,,0,0
639,1155,255,4,2024-09-17 22:13:08+00:00,,,0,0
906,686,354,1,2022-03-04 10:00:18+00:00,,,0,0
890,478,350,4,2025-04-11 20:47:14+00:00,,,0,0
277,885,110,3,2025-04-16 02:31:53+00:00,2025-04-21 01:11:36+00:00,owner_request,0,0
1001,437,388,2,2023-08-28 01:29:51+00:00,2024-10-15 04:48:49+00:00,payment_failed,0,0
604,1609,243,7,2025-01-21 06:17:32+00:00,2025-05-07 17:19:53+00:00,payment_failed,0,0
649,1711,258,6,2023-09-24 21:20:17+00:00,2024-08-19 06:55:38+00:00,inactive,0,0
938,144,366,2,2025-05-09 07:46:22+00:00,2025-05-24 19:55:06+00:00,voluntary,0,0
29,67,15,1,2025-05-22 17:25:51+00:00,,,0,0
26,1077,14,2,2022-11-06 20:38:26+00:00,2024-09-23 14:24:27+00:00,fraud,0,0
319,206,128,1,2025-04-02 11:06:10+00:00,,,0,0
438,1452,177,1,2023-05-30 19:16:48+00:00,,,0,0
1002,306,389,1,2023-06-18 17:54:20+00:00,,,0,0
529,1896,214,1,2025-02-14 15:08:00+00:00,,,0,0
102,1171,46,1,2022-10-16 11:22:38+00:00,,,0,0
439,1958,178,2,2023-05-29 07:05:52+00:00,2024-11-21 15:41:24+00:00,voluntary,0,0
1053,943,491,1,2024-08-23 04:36:07+00:00,,,1,0
557,880,227,1,2025-02-18 16:27:12+00:00,,,0,0
621,704,248,3,2024-02-18 03:51:21+00:00,2024-10-06 09:43:32+00:00,,0,0
852,1696,336,1,2025-01-17 01:24:31+00:00,,,0,0
753,819,294,1,2025-04-26 04:55:57+00:00,,,0,0
1040,1132,399,3,2024-12-08 13:36:17+00:00,2025-03-29 18:39:19+00:00,owner_request,0,0
924,268,359,6,2024-11-28 02:25:02+00:00,2024-12-03 22:12:05+00:00,,0,0
900,1767,353,3,2022-11-22 13:22:26+00:00,2023-03-27 07:16:26+00:00,,0,0
417,1934,170,4,2021-08-19 23:11:07+00:00,,,0,0
931,1219,362,1,2024-01-24 09:57:59+00:00,,,0,0
992,555,385,1,2025-05-25 15:35:42+00:00,,,0,0
598,1089,240,0,2025-04-24 07:21:58+00:00,,,0,0
383,742,157,1,2024-02-16 09:02:29+00:00,,,0,0
78,168,34,2,2024-12-16 15:01:37+00:00,2025-01-10 12:51:59+00:00,inactive,0,0
62,1915,28,1,2023-09-22 17:01:24+00:00,,,0,0
152,1760,63,2,2024-05-26 18:58:30+00:00,2025-04-30 04:01:01+00:00,,0,0
569,728,232,7,2024-05-16 15:10:37+00:00,2024-11-12 10:48:10+00:00,,0,0
652,138,258,3,2024-07-29 11:17:52+00:00,2024-10-04 12:27:05+00:00,voluntary,0,0
366,1801,149,5,2025-05-08 01:12:17+00:00,,,0,0
312,1632,126,1,2024-05-21 16:15:45+00:00,,,0,0
526,1015,214,3,2025-05-18 02:31:49+00:00,2025-05-22 20:45:10+00:00,,0,0
686,360,268,1,2020-09-12 21:04:47+00:00,,,0,0
881,557,347,1,2024-10-06 02:07:21+00:00,,,0,0
226,1316,89,3,2023-08-02 14:23:25+00:00,2023-11-25 02:29:43+00:00,,0,0
535,672,216,2,2025-03-07 22:27:35+00:00,2025-05-29 04:00:28+00:00,,0,0
490,947,199,1,2021-09-17 06:55:33+00:00,,,0,0
173,122,70,4,2024-12-09 19:47:03+00:00,,,0,0
112,471,49,1,2022-10-01 23:39:26+00:00,,,0,0
421,497,170,2,2023-06-01 12:39:42+00:00,2024-11-14 02:39:04+00:00,fraud,0,0
888,1689,349,0,2024-02-29 13:40:33+00:00,,,0,0
977,1015,381,2,2024-12-10 15:33:49+00:00,2025-04-11 23:38:42+00:00,fraud,0,0
552,1349,224,7,2022-02-28 17:16:15+00:00,2022-10-04 01:34:04+00:00,,0,0
455,1450,185,3,2024-08-06 01:48:49+00:00,2024-09-09 11:34:43+00:00,inactive,0,0
592,1625,239,1,2021-06-18 09:17:42+00:00,,,0,0
737,1669,288,2,2025-05-05 19:50:27+00:00,2025-05-28 04:05:45+00:00,voluntary,0,0
762,1818,299,0,2023-08-08 12:45:44+00:00,,,0,0
172,611,69,1,2024-06-26 20:53:08+00:00,,,0,0
499,1888,204,3,2022-11-04 21:48:19+00:00,2023-10-30 11:06:20+00:00,payment_failed,0,0
339,1273,140,1,2025-02-04 17:25:40+00:00,,,0,0
100,521,45,2,2024-12-20 05:53:14+00:00,2025-03-11 23:45:29+00:00,payment_failed,0,0
697,1205,271,0,2025-03-29 23:37:31+00:00,,,0,0
667,1242,262,1,2025-01-18 01:11:22+00:00,,,0,0
933,93,362,1,2023-07-21 09:08:27+00:00,,,0,0
675,391,265,6,2022-03-07 17:23:18+00:00,2023-04-19 12:25:05+00:00,payment_failed,0,0
359,307,147,2,2025-03-05 18:59:27+00:00,2025-04-19 01:21:14+00:00,payment_failed,0,0
133,1072,56,2,2025-01-05 22:00:16+00:00,2025-03-19 09:19:28+00:00,inactive,0,0
1034,373,397,1,2023-08-20 06:43:50+00:00,,,0,0
584,230,237,3,2024-02-02 10:51:25+00:00,2024-07-23 04:42:43+00:00,voluntary,0,0
493,14,201,1,2024-09-24 20:06:52+00:00,,,0,0
759,1303,296,2,2024-11-13 22:27:06+00:00,2025-02-02 01:34:37+00:00,voluntary,0,0
663,555,261,1,2023-05-17 18:25:49+00:00,,,0,0
1032,1479,397,2,2024-04-21 08:46:15+00:00,2025-03-22 01:07:04+00:00,inactive,0,0
274,695,109,3,2022-02-21 07:51:40+00:00,2023-12-20 10:41:42+00:00,owner_request,0,0
408,702,166,2,2024-07-03 01:29:52+00:00,2024-12-29 15:44:57+00:00,inactive,0,0
876,684,345,1,2024-08-27 04:44:26+00:00,,,0,0
732,1394,286,1,2025-05-20 13:44:41+00:00,,,0,0
887,1538,349,1,2025-04-13 12:47:02+00:00,,,0,0
431,1621,174,1,2024-11-16 06:41:46+00:00,,,0,0
538,49,217,1,2022-05-24 13:19:32+00:00,,,0,0
684,1510,267,0,2024-12-29 06:58:00+00:00,,,0,0
561,1889,230,2,2024-02-26 01:42:28+00:00,2024-06-23 02:09:01+00:00,voluntary,0,0
9,1553,5,4,2025-03-27 13:08:51+00:00,,,0,0
20,84,11,5,2025-02-13 23:45:57+00:00,,,0,0
308,1728,124,2,2023-08-05 16:46:41+00:00,2023-12-02 19:45:29+00:00,fraud,0,0
85,916,94,4,2024-10-21 06:49:38+00:00,,,0,0
298,225,119,4,2025-04-17 15:56:51+00:00,,,0,0
941,1535,366,4,2023-12-30 15:47:46+00:00,,,0,0
560,1431,230,4,2022-07-17 12:41:07+00:00,,,0,0
420,1081,170,1,2022-12-27 17:36:48+00:00,,,0,0
405,487,166,1,2025-05-01 01:15:16+00:00,,,0,0
293,86,117,3,2025-03-15 14:03:40+00:00,2025-05-03 01:32:47+00:00,owner_request,0,0
722,839,282,5,2024-08-25 13:04:12+00:00,,,0,0
484,1039,196,6,2025-05-17 03:46:44+00:00,2025-05-25 07:59:14+00:00,voluntary,0,0
74,58,31,2,2025-02-21 05:03:10+00:00,2025-05-26 15:56:26+00:00,,0,0
225,1469,89,0,2025-04-05 22:00:05+00:00,,,0,0
860,1148,341,6,2024-09-08 09:14:03+00:00,2025-05-12 00:46:33+00:00,payment_failed,0,0
110,464,49,7,2023-09-28 00:16:55+00:00,2025-03-29 15:32:53+00:00,payment_failed,0,0
63,798,28,2,2021-08-11 16:38:36+00:00,2023-07-17 05:04:36+00:00,fraud,0,0
59,495,27,2,2024-01-23 01:20:07+00:00,2024-02-13 11:32:54+00:00,,0,0
962,1240,376,5,2024-10-26 19:01:20+00:00,,,0,0
143,1631,59,6,2024-08-16 19:57:36+00:00,2025-02-06 19:54:37+00:00,voluntary,0,0
521,767,211,1,2024-01-23 21:57:31+00:00,,,0,0
1061,946,486,1,2024-03-30 18:37:38+00:00,,,1,0
553,1649,224,5,2024-01-21 10:03:18+00:00,,,0,0
921,221,359,1,2023-11-16 01:46:29+00:00,,,0,0
825,1543,325,6,2022-08-06 14:44:50+00:00,2023-08-01 04:43:38+00:00,fraud,0,0
246,1504,99,2,2023-04-03 01:27:25+00:00,2025-04-09 20:38:54+00:00,owner_request,0,0
709,964,277,1,2025-02-19 03:41:43+00:00,,,0,0
857,622,338,3,2024-07-31 09:21:33+00:00,2024-11-25 15:57:27+00:00,,0,0
201,1132,91,1,2023-11-29 00:45:19+00:00,,,0,0
780,1871,307,1,2023-11-11 16:06:53+00:00,,,0,0
878,708,346,7,2024-02-05 22:52:56+00:00,2024-11-20 06:52:07+00:00,fraud,0,0
1054,38,440,1,2024-11-21 22:20:11+00:00,,,1,0
543,1566,219,5,2025-03-24 22:18:25+00:00,,,0,0
166,85,67,2,2023-09-06 00:24:34+00:00,2024-11-09 12:42:49+00:00,inactive,0,0
388,1086,161,2,2024-08-10 06:23:03+00:00,2025-04-23 00:30:04+00:00,,0,0
602,1354,242,2,2024-05-19 09:45:47+00:00,2024-07-28 17:14:25+00:00,voluntary,0,0
224,949,89,1,2023-10-18 12:25:02+00:00,,,0,0
77,132,34,6,2023-11-24 15:01:04+00:00,2024-01-02 08:50:25+00:00,fraud,0,0
331,1977,136,2,2025-04-05 20:40:50+00:00,2025-04-28 03:22:47+00:00,owner_request,0,0
67,1733,29,2,2024-12-03 07:32:58+00:00,2025-01-27 22:42:55+00:00,,0,0
798,1691,316,4,2024-02-07 14:28:49+00:00,,,0,0
378,1128,156,2,2024-07-31 08:21:58+00:00,2025-01-20 19:15:38+00:00,inactive,0,0
720,228,280,5,2022-04-04 09:13:30+00:00,,,0,0
32,1029,17,5,2023-06-10 12:57:26+00:00,,,0,0
429,461,174,1,2024-07-22 12:46:33+00:00,,,0,0
567,1672,232,1,2022-04-10 13:16:14+00:00,,,0,0
699,678,272,2,2022-05-27 00:19:40+00:00,2024-11-09 05:16:51+00:00,inactive,0,0
671,245,264,0,2024-04-10 17:16:31+00:00,,,0,0
477,1417,194,1,2024-06-13 01:28:32+00:00,,,0,0
430,568,174,5,2024-10-26 01:52:56+00:00,,,0,0
186,1517,73,3,2023-08-01 06:48:42+00:00,2024-05-13 18:51:44+00:00,fraud,0,0
736,74,287,1,2023-05-19 08:44:00+00:00,,,0,0
928,324,361,1,2024-10-09 05:35:17+00:00,,,0,0
596,326,239,1,2023-10-25 20:17:42+00:00,,,0,0
953,150,371,6,2025-02-23 11:31:09+00:00,2025-05-30 19:10:16+00:00,owner_request,0,0
300,1620,119,2,2025-02-14 08:47:44+00:00,2025-04-01 23:59:18+00:00,owner_request,0,0
863,838,342,1,2025-04-02 13:18:40+00:00,2025-05-25 02:15:53+00:00,,0,1
791,1283,315,2,2025-02-11 10:09:10+00:00,2025-04-10 18:05:05+00:00,,0,0
175,595,71,1,2025-04-25 12:27:59+00:00,,,0,0
1010,263,391,3,2021-05-19 00:13:58+00:00,2021-07-11 13:14:28+00:00,fraud,0,0
464,1830,188,1,2025-01-10 15:11:38+00:00,,,0,0
555,1918,226,1,2022-04-16 17:16:39+00:00,,,0,0
927,1242,361,1,2025-01-29 20:45:34+00:00,,,0,0
1009,1867,390,2,2025-01-03 19:26:48+00:00,2025-05-01 03:07:00+00:00,payment_failed,0,0
465,1245,188,1,2025-05-25 12:23:58+00:00,,,0,0
223,1732,89,2,2024-02-08 07:47:20+00:00,2025-05-31 12:58:53+00:00,fraud,0,0
14,286,8,2,2023-12-31 10:34:44+00:00,2024-06-29 01:26:43+00:00,,0,0
168,1928,67,5,2022-09-22 18:21:13+00:00,,,0,0
874,1387,344,1,2023-06-30 05:23:17+00:00,,,0,0
691,1595,269,1,2025-01-23 01:09:21+00:00,,,0,0
601,365,241,7,2023-12-14 18:25:11+00:00,2024-06-02 18:58:16+00:00,owner_request,0,0
961,1672,376,1,2024-01-15 15:48:18+00:00,,,0,0
355,1728,146,2,2023-12-18 05:30:27+00:00,2024-09-10 18:18:20+00:00,fraud,0,0
205,1795,81,2,2023-08-22 17:22:30+00:00,2025-03-23 01:01:54+00:00,,0,0
145,1933,60,3,2024-10-22 01:45:01+00:00,2025-03-20 08:14:23+00:00,fraud,0,0
866,1574,342,5,2024-10-27 09:12:40+00:00,,,0,0
540,942,219,2,2023-08-31 00:27:47+00:00,2025-05-03 21:46:15+00:00,owner_request,0,0
68,1408,29,3,2022-11-30 21:24:21+00:00,2023-03-17 20:13:41+00:00,owner_request,0,0
285,439,114,1,2024-12-07 05:41:40+00:00,,,0,0
255,812,102,5,2025-03-02 14:50:39+00:00,,,0,0
936,238,365,1,2024-11-05 00:39:04+00:00,,,0,0
368,1625,151,1,2024-11-30 02:30:00+00:00,,,0,0
164,618,66,5,2022-05-17 00:12:35+00:00,,,0,0
422,511,172,4,2023-03-02 17:29:31+00:00,,,0,0
580,622,235,2,2024-03-11 11:34:16+00:00,2024-09-26 06:30:17+00:00,,0,0
1037,1535,398,2,2022-11-02 15:39:10+00:00,,fraud,0,0
58,1328,26,1,2025-02-25 18:29:33+00:00,,,0,0
369,414,151,1,2025-01-20 03:59:45+00:00,,,0,0
629,1803,250,1,2022-04-02 15:43:39+00:00,2024-11-30 18:17:12+00:00,,0,1
281,947,112,5,2025-04-04 06:49:11+00:00,,,0,0
294,946,117,1,2024-02-26 19:32:34+00:00,,,0,0
16,1346,9,2,2025-04-07 13:05:35+00:00,2025-05-04 05:21:23+00:00,,0,0
930,1906,362,1,2023-08-10 03:10:04+00:00,,,0,0
856,168,338,7,2024-07-04 10:35:25+00:00,2025-01-16 12:00:54+00:00,payment_failed,0,0
974,736,380,6,2023-09-21 09:16:09+00:00,2025-02-07 16:15:33+00:00,fraud,0,0
453,1052,184,2,2024-12-29 04:16:51+00:00,,inactive,0,0
501,1173,204,4,2023-08-25 10:59:30+00:00,,,0,0
664,40,261,1,2024-01-14 13:57:34+00:00,,,0,0
885,1428,348,1,2024-12-14 09:36:35+00:00,,,0,0
665,1286,261,6,2022-05-19 06:16:44+00:00,2023-11-02 12:52:15+00:00,payment_failed,0,0
615,749,247,2,2025-02-12 05:22:00+00:00,2025-05-22 15:56:02+00:00,fraud,0,0
80,191,53,2,2023-12-03 13:19:25+00:00,2025-01-27 08:34:23+00:00,,0,0
854,150,338,3,2025-05-22 12:07:22+00:00,2025-05-22 12:42:49+00:00,fraud,0,0
243,430,99,1,2022-03-27 19:11:21+00:00,,,0,0
632,1397,253,0,2024-11-13 20:51:33+00:00,,,0,0
338,754,140,1,2024-11-24 01:40:45+00:00,,,0,0
336,1506,140,0,2025-05-07 08:13:45+00:00,,,0,0
80,1387,37,2,2024-07-26 11:45:34+00:00,2025-05-05 15:26:54+00:00,,0,0
418,135,170,2,2022-11-13 09:21:45+00:00,2024-04-06 07:44:17+00:00,fraud,0,0
751,922,294,2,2025-04-25 19:13:57+00:00,2025-05-10 00:48:08+00:00,voluntary,0,0
942,987,366,4,2024-05-28 07:58:08+00:00,,,0,0
1057,1855,462,1,2024-03-28 01:25:55+00:00,,,1,0
769,460,302,1,2025-04-22 08:32:08+00:00,,,0,0
343,753,141,7,2024-12-22 13:07:23+00:00,2025-04-14 17:39:54+00:00,,0,0
504,313,206,1,2024-11-15 04:46:15+00:00,,,0,0
99,1804,45,1,2025-03-01 20:28:20+00:00,,,0,0
354,89,146,1,2024-12-16 23:07:56+00:00,,,0,0
132,1766,56,1,2024-01-14 23:06:03+00:00,,,0,0
716,142,279,1,2023-02-14 12:15:16+00:00,,,0,0
437,99,177,1,2023-07-25 07:43:46+00:00,,,0,0
139,1058,58,1,2025-05-19 21:19:52+00:00,,,0,0
514,831,208,0,2024-01-30 22:00:47+00:00,,,0,0
892,1323,351,6,2025-05-23 03:19:15+00:00,2025-05-30 17:38:17+00:00,voluntary,0,0
146,1399,60,1,2024-12-23 11:34:31+00:00,,,0,0
1006,904,389,2,2024-02-28 22:55:24+00:00,2024-12-19 20:52:29+00:00,fraud,0,0
158,756,64,6,2022-05-10 07:17:20+00:00,2025-05-14 07:39:23+00:00,fraud,0,0
85,1962,38,1,2023-04-06 00:31:22+00:00,,,0,0
904,1572,354,1,2020-11-28 10:22:00+00:00,,,0,0
106,1290,48,6,2023-04-09 06:22:20+00:00,2023-05-29 03:32:11+00:00,inactive,0,0
544,126,220,3,2022-10-06 11:53:32+00:00,2025-01-05 14:50:30+00:00,voluntary,0,0
916,812,358,3,2022-12-21 13:02:38+00:00,2023-11-09 11:06:00+00:00,,0,0
793,1267,315,6,2024-07-06 04:34:04+00:00,2025-05-10 05:34:25+00:00,,0,0
329,1256,136,1,2024-05-27 15:57:45+00:00,,,0,0
271,1591,108,5,2023-04-28 17:22:36+00:00,,,0,0
998,1338,387,7,2021-08-31 03:47:51+00:00,2025-01-31 03:46:42+00:00,,0,0
525,1970,213,5,2025-02-12 12:10:06+00:00,,,0,0
682,171,267,1,2025-04-27 17:43:44+00:00,,,0,0
770,294,303,6,2023-01-06 14:20:51+00:00,2025-04-08 07:01:28+00:00,,0,0
824,1864,325,1,2022-08-15 01:17:51+00:00,,,0,0
444,1969,179,6,2023-12-26 07:58:19+00:00,2024-02-17 10:41:53+00:00,inactive,0,0
358,804,147,6,2024-04-21 05:42:04+00:00,2025-01-27 10:56:20+00:00,owner_request,0,0
849,414,336,1,2025-05-05 05:46:19+00:00,,,0,0
219,1297,86,1,2025-03-30 22:53:39+00:00,,,0,0
448,893,183,1,2025-01-05 07:47:45+00:00,,,0,0
287,996,115,2,2025-05-25 07:58:03+00:00,2025-05-31 06:02:57+00:00,owner_request,0,0
677,1237,265,7,2022-01-08 07:09:25+00:00,2024-05-21 14:01:05+00:00,,0,0
714,1032,278,2,2024-06-06 20:33:27+00:00,2024-11-30 13:25:40+00:00,inactive,0,0
48,622,142,1,2022-04-07 00:21:04+00:00,,,0,0
57,177,25,7,2025-03-22 12:48:59+00:00,2025-04-28 11:09:20+00:00,inactive,0,0
237,942,96,3,2024-12-31 10:11:21+00:00,2025-03-11 15:46:26+00:00,payment_failed,0,0
908,467,355,2,2023-12-04 19:48:27+00:00,2025-03-26 13:51:18+00:00,owner_request,0,0
613,673,247,1,2025-01-13 17:57:07+00:00,,,0,0
528,1774,214,3,2025-04-01 19:03:55+00:00,2025-05-09 11:13:05+00:00,inactive,0,0
679,1787,266,1,2022-11-21 21:48:31+00:00,,,0,0
909,1153,355,1,2022-11-13 11:25:56+00:00,,,0,0
127,554,53,1,2024-08-27 06:44:45+00:00,,,0,0
670,301,263,1,2025-04-24 14:03:18+00:00,,,0,0
384,635,158,1,2024-05-29 16:56:39+00:00,2024-08-13 07:39:43+00:00,,0,1
40,1379,18,2,2025-01-12 20:40:01+00:00,2025-03-29 13:23:30+00:00,,0,0
141,46,58,5,2025-04-14 16:02:58+00:00,,,0,0
902,744,353,1,2025-04-13 02:29:32+00:00,,,0,0
964,705,376,1,2021-11-30 18:06:54+00:00,,,0,0
999,705,388,2,2025-01-14 10:02:25+00:00,2025-05-14 03:22:51+00:00,,0,0
129,894,54,1,2025-05-14 05:41:07+00:00,,,0,0
292,1476,117,7,2024-08-15 19:35:48+00:00,2024-10-03 03:53:10+00:00,inactive,0,0
1049,1770,493,1,2024-07-22 17:23:18+00:00,,,1,0
5,448,4,5,2025-03-20 04:19:44+00:00,,,0,0
326,1118,134,5,2025-01-01 05:45:37+00:00,,,0,0
558,1604,228,1,2025-03-05 00:17:41+00:00,,,0,0
94,116,43,2,2023-11-06 13:55:59+00:00,2024-03-12 10:51:08+00:00,inactive,0,0
626,1131,249,1,2022-01-18 18:49:12+00:00,,,0,0
356,991,146,2,2023-10-28 06:34:26+00:00,2025-01-23 15:05:09+00:00,owner_request,0,0
147,891,61,2,2024-08-14 14:50:18+00:00,2024-08-21 20:38:12+00:00,owner_request,0,0
763,448,299,2,2024-02-28 01:09:23+00:00,,owner_request,0,0
27,869,14,1,2024-10-09 18:45:07+00:00,,,0,0
165,847,66,1,2024-12-20 00:02:40+00:00,,,0,0
210,1092,82,3,2023-11-29 21:45:57+00:00,2024-02-15 10:19:36+00:00,voluntary,0,0
462,844,187,6,2025-01-04 14:49:58+00:00,2025-02-24 03:30:36+00:00,fraud,0,0
182,1399,72,2,2024-01-06 03:58:04+00:00,2024-12-18 23:58:30+00:00,,0,0
742,551,289,7,2024-02-15 15:20:03+00:00,2024-02-21 06:32:34+00:00,fraud,0,0
1056,1169,412,1,2024-05-13 01:30:55+00:00,,,1,0
794,62,315,1,2024-07-03 18:05:24+00:00,,,0,0
650,128,258,1,2025-01-06 00:55:25+00:00,,,0,0
440,1408,178,1,2025-02-21 14:45:46+00:00,,,0,0
690,1261,269,3,2025-02-10 04:40:24+00:00,2025-03-14 09:11:14+00:00,voluntary,0,0
646,1574,257,2,2023-07-29 10:09:18+00:00,2025-01-01 12:12:15+00:00,owner_request,0,0
4,500,4,4,2024-02-27 12:18:29+00:00,,,0,0
967,1720,377,5,2023-07-14 23:56:28+00:00,,,0,0
352,1698,146,3,2025-04-01 12:44:48+00:00,2025-05-03 21:27:51+00:00,,0,0
399,922,164,0,2025-03-29 04:04:16+00:00,,,0,0
357,847,147,1,2023-07-02 03:50:48+00:00,,,0,0
643,1344,256,1,2022-11-06 23:10:02+00:00,,,0,0
167,1979,67,5,2024-10-20 00:55:04+00:00,,,0,0
733,1444,287,1,2024-04-12 15:01:22+00:00,,,0,0
804,945,317,0,2024-04-30 10:18:00+00:00,,,0,0
146,1017,87,4,2025-04-22 14:06:33+00:00,,,0,0
674,775,264,7,2023-12-30 05:52:33+00:00,2025-03-22 14:11:41+00:00,,0,0
381,1890,157,7,2023-04-11 22:18:19+00:00,2023-11-02 13:07:41+00:00,inactive,0,0
401,1976,164,6,2024-10-16 22:41:46+00:00,2025-02-19 06:36:28+00:00,,0,0
718,1972,280,1,2024-03-01 16:31:29+00:00,,,0,0
991,1457,385,0,2025-03-09 16:08:58+00:00,,,0,0
131,1271,54,2,2024-05-07 09:15:51+00:00,2025-01-29 05:02:31+00:00,voluntary,0,0
828,1231,327,2,2024-08-09 16:19:10+00:00,2024-10-02 03:28:01+00:00,payment_failed,0,0
208,1808,82,1,2025-02-01 13:27:39+00:00,,,0,0
160,866,64,1,2022-08-24 06:03:06+00:00,,,0,0
361,529,148,2,2025-03-02 09:18:11+00:00,2025-04-05 06:14:24+00:00,,0,0
125,1625,53,4,2024-04-09 18:27:26+00:00,,,0,0
55,404,25,6,2021-10-20 07:03:18+00:00,2024-08-29 09:26:39+00:00,fraud,0,0
423,617,172,3,2025-01-22 03:48:26+00:00,2025-03-09 00:56:26+00:00,fraud,0,0
156,45,63,5,2024-01-22 13:02:13+00:00,,,0,0
342,1568,141,1,2021-05-12 17:43:57+00:00,,,0,0
935,882,364,6,2025-03-08 21:24:08+00:00,2025-03-20 18:54:27+00:00,,0,0
800,1525,316,1,2021-05-11 18:33:50+00:00,,,0,0
989,244,384,1,2025-01-18 04:10:24+00:00,,,0,0
1043,750,399,1,2024-09-10 07:03:04+00:00,,,0,0
35,741,17,1,2023-09-02 04:56:22+00:00,,,0,0
752,1749,294,1,2025-02-09 06:20:53+00:00,,,0,0
201,1993,79,1,2024-11-23 01:51:21+00:00,,,0,0
1045,49,400,3,2025-02-21 16:48:24+00:00,2025-04-20 12:33:45+00:00,payment_failed,0,0
772,1705,304,2,2024-11-17 00:34:30+00:00,2025-03-11 22:06:40+00:00,owner_request,0,0
586,951,237,0,2020-08-03 17:11:20+00:00,,,0,0
316,440,126,1,2024-06-02 00:44:00+00:00,,,0,0
573,1970,233,4,2024-11-13 00:08:42+00:00,,,0,0
562,483,230,1,2025-02-06 21:32:29+00:00,,,0,0
551,302,224,4,2022-07-20 12:41:00+00:00,,,0,0
43,505,19,2,2025-04-06 23:28:01+00:00,2025-04-14 07:25:55+00:00,,0,0
635,386,254,7,2022-05-20 04:53:52+00:00,2023-06-05 20:01:49+00:00,owner_request,0,0
261,768,104,1,2024-12-17 15:59:03+00:00,,,0,0
688,1340,268,2,2023-04-06 00:33:58+00:00,2025-01-20 23:35:43+00:00,owner_request,0,0
502,1353,205,2,2024-09-04 04:15:53+00:00,2025-03-27 16:13:32+00:00,payment_failed,0,0
624,1518,249,2,2021-12-22 01:12:18+00:00,2024-07-20 09:24:24+00:00,,0,0
325,1340,132,3,2023-09-28 16:57:01+00:00,2023-11-18 17:19:20+00:00,,0,0
518,75,210,2,2024-06-22 16:51:27+00:00,2024-08-27 19:26:02+00:00,voluntary,0,0
994,1618,385,2,2025-04-13 19:25:58+00:00,2025-04-26 16:27:31+00:00,,0,0
428,126,174,1,2025-01-22 03:52:17+00:00,,,0,0
83,729,38,3,2024-12-27 23:10:27+00:00,2025-04-14 07:50:14+00:00,inactive,0,0
245,1251,99,1,2023-10-04 03:21:16+00:00,,,0,0
256,1336,102,1,2025-05-28 12:57:06+00:00,,,0,0
389,729,161,1,2023-11-30 03:27:26+00:00,,,0,0
244,611,99,6,2024-12-15 15:41:25+00:00,2025-03-07 16:14:30+00:00,fraud,0,0
506,529,206,0,2024-10-21 12:11:43+00:00,,,0,0
910,1357,355,1,2024-03-01 08:35:26+00:00,,,0,0
846,692,334,1,2025-02-05 20:04:59+00:00,,,0,0
119,1272,50,2,2024-10-26 15:57:18+00:00,2024-11-20 21:22:00+00:00,payment_failed,0,0
1041,1546,399,6,2023-02-12 13:14:38+00:00,2024-01-02 13:26:17+00:00,,0,0
713,1705,278,1,2022-12-30 12:07:29+00:00,,,0,0
614,433,247,3,2024-08-30 18:34:37+00:00,2025-03-28 21:05:30+00:00,inactive,0,0
8,166,26,3,2023-03-16 22:36:20+00:00,2023-08-18 20:33:14+00:00,,0,0
253,1063,208,1,2025-02-10 04:13:31+00:00,,,0,0
187,1315,74,1,2021-01-16 05:19:46+00:00,,,0,0
478,644,194,1,2024-06-02 22:46:20+00:00,,,0,0
946,1483,369,0,2023-06-25 12:03:44+00:00,,,0,0
620,826,248,6,2024-10-05 15:08:21+00:00,2024-12-10 18:58:32+00:00,,0,0
788,1388,314,1,2025-04-10 21:14:13+00:00,,,0,0
840,703,333,2,2024-02-01 07:36:28+00:00,2024-02-10 14:56:48+00:00,voluntary,0,0
905,965,354,5,2021-05-23 21:26:24+00:00,,,0,0
284,1000,114,1,2024-12-03 07:29:45+00:00,,,0,0
660,1912,260,1,2021-12-31 14:10:53+00:00,,,0,0
328,793,135,3,2023-06-05 19:11:13+00:00,2025-02-12 22:49:05+00:00,fraud,0,0
975,1559,381,1,2025-05-12 22:09:19+00:00,,,0,0
215,1503,85,0,2021-12-07 07:17:24+00:00,,,0,0
461,1226,186,1,2024-02-11 17:45:29+00:00,,,0,0
987,129,384,1,2024-12-24 22:22:59+00:00,,,0,0
516,405,210,5,2024-04-24 15:18:42+00:00,,,0,0
254,1159,102,1,2025-03-05 12:09:37+00:00,,,0,0
228,86,92,2,2025-04-23 20:54:41+00:00,2025-05-06 08:32:33+00:00,,0,0
11,708,6,2,2024-09-25 05:37:49+00:00,,payment_failed,0,0
197,1935,78,4,2023-07-21 09:06:39+00:00,,,0,0
512,77,207,6,2024-03-27 05:32:24+00:00,2024-04-12 18:56:32+00:00,voluntary,0,0
269,285,108,6,2023-08-10 18:00:42+00:00,2024-06-05 18:44:36+00:00,payment_failed,0,0
530,800,215,6,2024-10-25 18:16:56+00:00,2025-04-10 22:05:51+00:00,voluntary,0,0
915,197,358,1,2025-05-05 08:44:34+00:00,,,0,0
301,1218,119,0,2025-02-10 07:18:54+00:00,,,0,0
717,1917,280,7,2024-01-29 08:12:50+00:00,2024-07-12 19:21:29+00:00,fraud,0,0
537,1195,216,1,2024-12-16 11:52:43+00:00,,,0,0
206,1204,81,1,2021-05-10 22:12:52+00:00,,,0,0
965,13,377,1,2024-07-19 00:02:24+00:00,,,0,0
454,1835,184,3,2024-06-04 11:21:57+00:00,2024-11-01 07:58:10+00:00,payment_failed,0,0
948,1942,370,2,2022-07-28 15:14:00+00:00,2023-06-10 13:10:58+00:00,,0,0
1030,1772,397,1,2025-01-21 08:59:38+00:00,,,0,0
42,1032,19,1,2025-04-24 20:41:29+00:00,,,0,0
267,1512,108,1,2023-05-30 02:24:33+00:00,,,0,0
907,667,354,2,2023-08-06 02:38:50+00:00,2024-06-12 03:24:30+00:00,payment_failed,0,0
858,1577,338,2,2025-02-09 19:32:14+00:00,2025-05-26 22:58:17+00:00,,0,0
120,615,51,7,2024-05-17 10:59:22+00:00,2025-02-07 05:50:50+00:00,,0,0
319,898,369,2,2022-03-28 14:18:19+00:00,,fraud,0,0
757,60,296,3,2022-07-21 22:37:23+00:00,2024-05-09 10:10:36+00:00,payment_failed,0,0
404,1194,165,1,2024-11-26 12:37:17+00:00,,,0,0
982,1293,382,3,2025-03-13 06:06:23+00:00,2025-04-29 03:51:00+00:00,,0,0
799,1357,316,7,2025-02-14 20:40:44+00:00,2025-05-23 16:41:23+00:00,,0,0
66,1114,29,6,2022-04-27 14:57:58+00:00,2023-11-26 21:38:56+00:00,owner_request,0,0
579,188,235,3,2024-03-04 22:49:16+00:00,2024-03-19 04:20:15+00:00,owner_request,0,0
997,190,386,2,2023-10-24 22:28:48+00:00,2025-01-06 10:40:47+00:00,,0,0
12,687,6,7,2024-04-10 16:19:44+00:00,2024-07-05 01:44:04+00:00,owner_request,0,0
505,932,206,0,2023-04-04 21:40:23+00:00,,,0,0
1014,1255,392,1,2024-10-17 21:44:24+00:00,,,0,0
745,1759,291,5,2024-11-03 18:19:26+00:00,,,0,0
1050,1948,451,1,2024-02-07 18:25:28+00:00,,,1,0
446,886,180,1,2024-08-05 21:21:09+00:00,,,0,0
500,1370,204,1,2022-06-27 21:20:24+00:00,,,0,0
1028,286,396,5,2023-07-23 09:33:42+00:00,,,0,0
498,213,204,6,2022-12-13 15:39:13+00:00,2025-05-05 06:03:51+00:00,,0,0
248,325,100,3,2023-12-06 10:07:04+00:00,2024-12-19 21:15:04+00:00,owner_request,0,0
1044,633,400,2,2024-03-02 15:06:31+00:00,2024-04-28 07:26:16+00:00,inactive,0,0
980,793,382,4,2022-06-09 01:49:15+00:00,,,0,0
103,652,47,1,2023-10-12 10:38:20+00:00,,,0,0
673,1056,264,4,2023-05-15 01:56:00+00:00,,,0,0
297,1224,119,6,2024-12-27 18:08:04+00:00,2025-02-26 10:57:39+00:00,owner_request,0,0
520,478,210,3,2025-04-19 17:20:17+00:00,2025-05-04 10:24:10+00:00,,0,0
587,57,238,1,2021-08-04 08:16:28+00:00,,,0,0
645,105,257,7,2021-10-26 01:27:25+00:00,2022-09-20 18:33:38+00:00,,0,0
597,1131,240,1,2025-03-17 01:07:39+00:00,,,0,0
363,139,148,2,2024-12-29 13:45:40+00:00,,,0,0
945,1245,369,4,2024-04-22 16:33:30+00:00,,,0,0
959,1259,375,6,2025-01-31 05:45:23+00:00,2025-03-10 05:37:51+00:00,voluntary,0,0
491,65,201,1,2025-05-25 08:13:49+00:00,,,0,0
189,113,74,1,2023-06-26 03:15:06+00:00,,,0,0
128,472,53,1,2024-04-15 16:46:40+00:00,,,0,0
796,525,315,2,2025-05-16 01:17:52+00:00,2025-05-25 12:58:44+00:00,owner_request,0,0
570,1496,233,1,2024-11-08 18:24:07+00:00,,,0,0
1007,613,390,3,2024-12-07 23:38:21+00:00,2025-05-17 17:26:47+00:00,inactive,0,0
96,1393,44,6,2023-10-11 12:45:10+00:00,2024-12-10 07:10:18+00:00,,0,0
398,317,164,3,2024-08-14 07:31:11+00:00,2024-12-29 08:08:55+00:00,payment_failed,0,0
721,981,280,1,2024-03-04 18:11:30+00:00,,,0,0
957,884,375,5,2022-09-13 07:47:46+00:00,,,0,0
184,1047,73,3,2024-01-25 08:55:19+00:00,2024-08-30 08:52:50+00:00,,0,0
937,1432,366,7,2024-08-29 12:41:07+00:00,2025-03-31 14:41:58+00:00,,0,0
161,826,64,4,2023-11-22 11:18:12+00:00,,,0,0
121,1762,52,3,2022-07-30 13:11:31+00:00,2022-11-17 05:19:05+00:00,voluntary,0,0
1022,591,395,5,2025-04-04 19:22:59+00:00,,,0,0
541,168,219,6,2023-06-09 08:35:55+00:00,2025-04-03 18:42:11+00:00,payment_failed,0,0
701,1972,275,6,2021-03-03 11:13:41+00:00,2023-05-17 06:34:57+00:00,owner_request,0,0
636,676,255,0,2025-05-13 15:43:55+00:00,,,0,0
86,1222,40,7,2023-07-02 17:10:05+00:00,2024-04-12 09:39:30+00:00,,0,0
480,927,195,2,2024-04-08 04:51:17+00:00,2024-05-21 10:55:54+00:00,voluntary,0,0
60,214,27,1,2023-09-07 06:41:57+00:00,2024-06-21 16:30:04+00:00,,0,1
746,115,291,1,2022-07-04 02:20:40+00:00,,,0,0
433,477,176,1,2023-05-24 02:52:16+00:00,,,0,0
979,1406,381,1,2025-03-17 03:09:37+00:00,,,0,0
469,1015,191,1,2025-04-20 14:19:12+00:00,,,0,0
764,1006,300,2,2022-06-13 01:58:23+00:00,2024-05-28 22:06:52+00:00,voluntary,0,0
403,1426,165,7,2024-04-06 11:07:29+00:00,2024-12-03 01:42:42+00:00,payment_failed,0,0
1046,411,400,2,2025-04-09 08:46:32+00:00,2025-05-26 22:34:41+00:00,,0,0
983,1719,382,3,2023-12-21 03:23:41+00:00,2024-08-06 13:09:44+00:00,voluntary,0,0
838,523,332,2,2025-01-19 01:09:01+00:00,2025-04-04 05:37:24+00:00,fraud,0,0
72,1496,74,2,2022-01-01 07:27:08+00:00,2022-10-17 03:38:30+00:00,fraud,0,0
33,298,17,2,2023-08-27 15:36:32+00:00,2024-03-02 20:15:05+00:00,fraud,0,0
409,976,167,1,2023-03-18 23:24:08+00:00,,,0,0
185,1334,73,5,2025-04-27 19:31:05+00:00,,,0,0
1017,620,394,1,2022-06-16 10:13:52+00:00,,,0,0
641,1548,256,5,2022-10-19 02:20:51+00:00,,,0,0
669,628,263,1,2022-03-04 08:07:18+00:00,,,0,0
344,695,141,1,2024-06-20 21:35:41+00:00,,,0,0
24,1733,12,3,2021-11-15 20:28:11+00:00,2025-05-28 22:05:19+00:00,fraud,0,0
341,251,141,5,2020-10-30 18:42:05+00:00,,,0,0
212,1535,83,1,2023-08-06 12:19:20+00:00,,,0,0
589,606,238,1,2021-07-29 04:38:41+00:00,2025-01-20 02:14:02+00:00,,0,1
527,1078,214,5,2025-03-12 18:49:59+00:00,,,0,0
472,65,192,7,2024-04-03 22:58:41+00:00,2024-05-02 06:58:39+00:00,,0,0
707,18,276,5,2024-07-07 16:46:02+00:00,,,0,0
270,815,108,2,2025-04-05 00:48:45+00:00,,owner_request,0,0
897,1289,352,1,2024-09-22 06:17:34+00:00,,,0,0
976,1230,381,1,2025-02-28 19:28:05+00:00,,,0,0
447,569,180,1,2022-12-12 05:04:15+00:00,,,0,0
1,228,131,1,2022-09-21 01:53:53+00:00,,,0,0
217,1489,86,2,2025-04-21 02:13:03+00:00,2025-04-28 20:40:28+00:00,,0,0
251,242,100,2,2025-02-24 04:51:27+00:00,2025-04-13 01:40:36+00:00,fraud,0,0
263,84,105,6,2025-01-05 12:52:28+00:00,2025-04-09 15:04:04+00:00,,0,0
951,1562,370,1,2022-10-09 19:37:34+00:00,,,0,0
835,564,331,2,2025-03-18 14:37:20+00:00,2025-05-12 04:06:50+00:00,owner_request,0,0
23,852,11,1,2024-06-29 01:53:20+00:00,,,0,0
235,249,94,5,2024-12-28 21:52:43+00:00,,,0,0
970,681,380,6,2025-04-24 21:25:59+00:00,2025-05-19 05:43:31+00:00,voluntary,0,0
789,221,314,2,2024-11-15 20:01:37+00:00,2024-12-13 01:26:24+00:00,,0,0
204,531,81,3,2021-07-29 05:54:01+00:00,2025-01-17 12:37:33+00:00,payment_failed,0,0
468,492,191,3,2025-04-11 19:33:45+00:00,2025-05-28 14:57:44+00:00,,0,0
634,1657,254,1,2022-04-17 22:25:33+00:00,,,0,0
566,1702,232,7,2024-02-01 04:17:14+00:00,2025-04-25 19:11:16+00:00,owner_request,0,0
475,578,193,2,2024-05-20 03:19:15+00:00,,,0,0
460,455,186,4,2021-05-18 20:07:27+00:00,,,0,0
591,333,239,1,2023-11-15 22:48:10+00:00,,,0,0
262,535,105,1,2024-04-14 12:25:25+00:00,2024-10-21 20:27:24+00:00,,0,1
978,769,381,1,2025-05-07 03:15:52+00:00,,,0,0
299,1579,119,6,2025-04-25 20:36:50+00:00,2025-05-16 10:51:59+00:00,fraud,0,0
391,599,162,2,2025-02-24 05:56:31+00:00,,,0,0
1052,1678,433,1,2024-11-16 14:23:25+00:00,,,1,0
327,1027,134,5,2024-11-10 08:19:00+00:00,,,0,0
595,1221,239,0,2024-02-25 14:16:05+00:00,,,0,0
683,1169,267,1,2024-08-10 20:27:11+00:00,,,0,0
111,1506,49,1,2023-08-22 17:18:18+00:00,,,0,0
898,1085,352,2,2024-05-09 02:44:14+00:00,2024-08-19 06:45:51+00:00,,0,0
482,210,196,1,2022-05-28 16:22:15+00:00,,,0,0
46,1722,20,1,2021-02-20 23:36:31+00:00,,,0,0
436,323,177,1,2023-04-06 17:28:50+00:00,,,0,0
488,621,199,0,2022-05-19 03:04:07+00:00,,,0,0
960,1041,375,2,2024-08-08 02:40:25+00:00,2024-09-29 19:05:53+00:00,voluntary,0,0
181,1028,72,2,2025-01-27 14:50:07+00:00,2025-04-15 02:47:11+00:00,,0,0
22,1411,11,3,2024-06-26 04:05:39+00:00,2025-04-19 05:11:17+00:00,fraud,0,0
89,1456,41,2,2025-05-11 00:42:23+00:00,2025-05-25 05:38:15+00:00,voluntary,0,0
1038,1487,398,4,2022-10-04 02:13:19+00:00,,,0,0
1018,1112,394,5,2023-07-24 06:14:57+00:00,,,0,0
283,822,114,1,2024-10-22 00:19:14+00:00,,,0,0
576,920,234,2,2022-03-11 12:23:07+00:00,2022-10-11 11:12:37+00:00,inactive,0,0
761,295,299,1,2024-03-25 16:10:01+00:00,,,0,0
710,11,277,1,2024-04-23 11:21:56+00:00,,,0,0
54,1347,25,1,2022-08-02 22:34:47+00:00,,,0,0
786,1450,311,2,2023-07-29 06:36:21+00:00,2024-01-19 02:19:21+00:00,voluntary,0,0
148,1601,61,1,2024-04-07 06:37:34+00:00,,,0,0
986,658,384,5,2025-04-17 12:45:40+00:00,,,0,0
335,1792,140,7,2024-06-18 09:05:48+00:00,2024-11-21 07:37:09+00:00,,0,0
113,641,49,6,2023-10-21 00:19:22+00:00,2024-01-02 03:18:15+00:00,inactive,0,0
981,632,382,2,2024-05-23 03:08:04+00:00,2024-09-05 00:21:12+00:00,,0,0
473,1734,193,1,2024-11-28 04:17:55+00:00,,,0,0
619,518,248,4,2025-05-17 08:10:55+00:00,,,0,0
571,815,233,0,2024-12-13 06:47:44+00:00,,,0,0
787,1266,313,7,2024-12-09 12:57:24+00:00,2024-12-19 09:25:08+00:00,inactive,0,0
198,1307,79,3,2021-12-05 10:48:35+00:00,2024-01-04 00:32:08+00:00,inactive,0,0
485,446,198,1,2024-05-17 17:59:14+00:00,,,0,0
137,10,57,4,2021-07-12 18:58:29+00:00,,,0,0
864,1728,342,2,2025-01-13 20:57:44+00:00,2025-02-24 14:58:15+00:00,,0,0
1004,383,389,1,2020-12-31 20:16:27+00:00,,,0,0
39,1316,18,1,2024-08-25 20:35:48+00:00,,,0,0
748,1128,293,5,2024-09-14 10:59:51+00:00,,,0,0
955,1940,372,6,2022-05-19 15:38:39+00:00,2022-12-09 15:10:08+00:00,,0,0
985,368,382,1,2022-09-19 13:29:32+00:00,,,0,0
1063,75,475,1,2024-09-19 08:54:14+00:00,,,1,0
693,471,269,4,2025-04-23 12:24:05+00:00,,,0,0
266,715,107,1,2023-04-13 09:04:03+00:00,,,0,0
427,1314,173,1,2022-07-24 20:42:33+00:00,,,0,0
949,1144,370,7,2024-12-26 15:48:11+00:00,2025-03-07 15:48:37+00:00,voluntary,0,0
280,956,112,7,2024-11-27 04:15:26+00:00,2025-04-05 02:40:32+00:00,voluntary,0,0
466,1344,191,1,2025-03-18 20:51:05+00:00,,,0,0
394,1218,163,1,2022-10-31 13:41:06+00:00,,,0,0
291,1215,117,2,2025-01-17 09:48:41+00:00,2025-02-05 01:16:42+00:00,owner_request,0,0
203,1826,81,3,2020-11-03 19:05:26+00:00,2022-07-05 23:43:32+00:00,inactive,0,0
207,186,82,1,2023-11-29 06:56:55+00:00,,,0,0
432,406,174,5,2024-08-31 15:55:11+00:00,,,0,0
195,493,235,0,2022-08-20 07:18:31+00:00,,,0,0
631,1852,252,1,2024-04-27 10:40:00+00:00,,,0,0
451,87,184,0,2025-04-14 11:00:07+00:00,,,0,0
532,249,215,1,2024-05-18 00:28:27+00:00,2025-02-12 21:30:52+00:00,,0,1
903,812,353,1,2023-10-27 13:10:10+00:00,,,0,0
515,148,210,2,2024-10-30 00:20:25+00:00,2025-01-24 04:49:03+00:00,,0,0
360,692,148,6,2025-01-17 22:40:10+00:00,2025-05-30 01:05:54+00:00,voluntary,0,0
407,984,166,6,2024-03-22 04:27:31+00:00,2024-10-08 11:44:44+00:00,owner_request,0,0
142,1273,59,6,2023-06-15 20:13:16+00:00,2023-08-17 14:19:21+00:00,voluntary,0,0
958,1495,375,5,2023-01-21 08:06:43+00:00,,,0,0
990,1278,385,1,2025-03-19 23:58:37+00:00,,,0,0
47,22,20,0,2021-12-18 03:06:32+00:00,,,0,0
104,18,47,2,2024-10-13 21:27:32+00:00,2025-05-04 08:28:48+00:00,,0,0
1039,842,399,1,2025-05-14 18:09:07+00:00,,,0,0
31,575,16,5,2024-03-04 15:03:34+00:00,,,0,0
843,241,334,3,2025-01-06 09:51:31+00:00,2025-04-23 08:47:08+00:00,payment_failed,0,0
257,1622,103,1,2023-07-03 11:51:55+00:00,,,0,0
708,1059,276,6,2024-10-31 16:21:12+00:00,2024-12-10 06:49:32+00:00,,0,0
879,1555,346,7,2023-10-21 03:02:06+00:00,2024-10-13 13:01:15+00:00,,0,0
178,1875,71,4,2025-02-04 21:55:44+00:00,,,0,0
220,1712,86,4,2025-05-23 17:58:59+00:00,,,0,0
386,640,158,3,2024-07-27 19:51:39+00:00,2024-09-24 02:32:57+00:00,voluntary,0,0
724,1257,283,2,2024-04-27 23:34:59+00:00,,payment_failed,0,0
2,853,1,1,2025-02-21 04:34:07+00:00,,,0,0
351,1558,145,0,2022-09-27 03:01:28+00:00,,,0,0
88,1039,41,1,2024-10-21 11:46:17+00:00,,,0,0
956,796,372,7,2024-02-16 11:46:09+00:00,2024-11-30 08:13:20+00:00,voluntary,0,0
807,1594,319,1,2025-01-03 12:08:03+00:00,,,0,0
56,456,25,5,2024-09-06 02:19:11+00:00,,,0,0
211,1360,83,1,2023-08-18 01:31:50+00:00,,,0,0
457,1000,186,5,2022-04-15 21:23:07+00:00,,,0,0
222,413,89,1,2023-11-15 07:51:09+00:00,,,0,0
474,635,193,1,2024-08-28 03:52:39+00:00,,,0,0
30,1682,15,6,2024-10-06 16:00:40+00:00,2025-03-18 07:15:30+00:00,fraud,0,0
784,1120,311,1,2024-06-22 21:47:17+00:00,,,0,0
815,638,322,1,2023-12-07 16:16:48+00:00,,,0,0
276,621,110,2,2024-05-28 21:06:21+00:00,2025-02-27 23:31:45+00:00,payment_failed,0,0
698,1031,271,1,2024-10-16 16:51:15+00:00,,,0,0
44,992,20,4,2021-06-03 07:17:06+00:00,,,0,0
541,506,354,2,2021-10-22 05:11:32+00:00,2023-05-01 22:22:34+00:00,,0,0
743,1307,290,5,2024-01-04 10:28:38+00:00,,,0,0
303,389,123,2,2021-05-19 21:41:37+00:00,2025-04-03 17:52:04+00:00,,0,0
379,1479,156,7,2024-09-15 23:55:26+00:00,2024-11-20 13:06:10+00:00,voluntary,0,0
600,1114,240,1,2024-12-24 07:08:37+00:00,,,0,0
406,1622,166,3,2024-11-08 15:07:48+00:00,2025-02-08 03:24:07+00:00,,0,0
247,167,99,1,2024-02-02 20:32:16+00:00,,,0,0
122,548,52,3,2023-01-09 21:17:35+00:00,2023-10-09 09:44:15+00:00,voluntary,0,0
606,180,244,0,2023-07-25 15:15:45+00:00,,,0,0
723,1778,282,1,2025-05-18 02:03:26+00:00,,,0,0
188,1717,74,3,2024-07-23 13:07:24+00:00,2025-03-22 13:13:30+00:00,inactive,0,0
190,993,75,2,2023-05-03 23:05:36+00:00,2023-11-09 04:47:50+00:00,payment_failed,0,0
581,1414,235,0,2021-06-19 18:08:06+00:00,,,0,0
402,171,165,2,2024-08-17 20:16:25+00:00,2024-08-25 09:04:09+00:00,,0,0
371,1160,154,3,2024-04-10 06:26:49+00:00,2024-04-12 01:26:09+00:00,fraud,0,0
1047,193,400,1,2024-02-20 12:28:56+00:00,,,0,0
731,1452,286,1,2023-06-19 00:45:17+00:00,,,0,0
200,1994,79,6,2021-07-15 19:50:10+00:00,2023-11-23 10:28:26+00:00,fraud,0,0
218,1097,86,1,2024-06-26 00:32:03+00:00,,,0,0
531,1788,215,5,2023-01-08 04:54:13+00:00,,,0,0
230,675,93,5,2025-03-15 11:59:00+00:00,,,0,0
374,1815,155,1,2024-12-17 09:01:59+00:00,,,0,0
8,339,5,5,2025-04-21 15:45:58+00:00,,,0,0
524,1470,212,7,2024-03-18 11:54:46+00:00,2025-03-24 11:26:31+00:00,,0,0
481,80,196,1,2023-03-16 11:06:39+00:00,,,0,0
776,583,305,0,2024-01-04 17:01:28+00:00,,,0,0
34,1133,17,4,2022-01-03 04:15:38+00:00,,,0,0
872,840,344,1,2023-10-19 04:44:02+00:00,,,0,0
554,945,225,1,2023-10-23 17:18:02+00:00,,,0,0
279,830,112,1,2025-01-11 05:28:14+00:00,,,0,0
1011,527,391,1,2022-10-23 02:40:18+00:00,,,0,0
819,228,323,4,2024-09-25 11:01:45+00:00,,,0,0
809,1010,319,1,2022-06-02 17:14:04+00:00,,,0,0
441,1272,178,1,2022-12-08 15:13:15+00:00,,,0,0
1035,1662,397,2,2023-12-14 08:58:03+00:00,2025-02-23 05:15:59+00:00,voluntary,0,0
28,1891,15,2,2025-04-16 07:03:14+00:00,2025-04-19 20:58:59+00:00,fraud,0,0
6,1267,400,4,2024-04-23 15:48:00+00:00,,,0,0
332,1445,136,3,2025-03-08 23:11:32+00:00,2025-03-20 22:41:42+00:00,inactive,0,0
258,1134,103,2,2022-10-18 09:28:12+00:00,2025-01-03 00:44:50+00:00,,0,0
623,1336,248,1,2024-08-15 06:14:27+00:00,,,0,0
642,1856,256,1,2023-05-23 21:13:56+00:00,,,0,0
227,735,91,6,2024-06-27 02:39:15+00:00,2024-10-07 10:33:32+00:00,fraud,0,0
884,398,347,2,2023-05-14 00:48:38+00:00,2023-11-09 02:32:23+00:00,payment_failed,0,0
315,1553,126,2,2024-09-16 21:57:52+00:00,2024-12-28 11:36:36+00:00,,0,0
397,57,163,1,2024-10-21 04:58:54+00:00,,,0,0
1055,1288,485,1,2024-08-22 02:22:46+00:00,,,1,0
523,1265,212,2,2025-03-21 15:53:02+00:00,2025-04-28 00:21:44+00:00,,0,0
750,595,294,2,2025-04-16 13:21:35+00:00,2025-05-21 19:43:47+00:00,,0,0
836,950,331,0,2021-01-04 12:54:32+00:00,,,0,0
680,1944,266,2,2022-09-08 09:49:06+00:00,2023-11-25 12:02:06+00:00,voluntary,0,0
273,314,109,3,2023-09-13 18:52:41+00:00,2024-04-16 04:48:37+00:00,owner_request,0,0
727,936,285,5,2025-01-11 00:11:58+00:00,,,0,0
559,51,228,2,2025-03-24 00:35:47+00:00,2025-05-09 12:31:14+00:00,voluntary,0,0
6,882,4,3,2025-02-01 17:07:28+00:00,2025-05-16 17:04:14+00:00,voluntary,0,0
647,840,258,2,2023-12-10 21:24:39+00:00,2025-03-21 09:31:07+00:00,voluntary,0,0
599,1644,240,6,2025-03-13 10:19:50+00:00,2025-05-01 16:53:18+00:00,voluntary,0,0
171,47,68,1,2024-08-18 02:16:07+00:00,,,0,0
495,1503,202,5,2024-11-07 09:37:36+00:00,,,0,0
1016,958,394,1,2020-10-09 21:28:39+00:00,,,0,0
241,1825,97,1,2022-06-21 02:14:22+00:00,,,0,0
364,1809,149,6,2025-01-09 16:59:25+00:00,2025-04-04 23:01:54+00:00,inactive,0,0
778,361,306,3,2025-05-24 04:12:10+00:00,2025-05-30 20:53:25+00:00,voluntary,0,0
25,1559,13,1,2024-11-01 07:06:37+00:00,,,0,0
253,826,102,2,2025-04-19 22:56:05+00:00,,payment_failed,0,0
130,1663,54,1,2024-09-04 07:50:57+00:00,,,0,0
638,151,255,1,2024-08-18 00:54:59+00:00,,,0,0
719,1431,280,1,2024-01-29 15:00:25+00:00,,,0,0
37,1449,18,2,2024-10-02 02:38:17+00:00,2025-01-06 16:59:04+00:00,fraud,0,0
648,1065,258,3,2023-11-19 13:02:11+00:00,2024-05-27 05:11:18+00:00,fraud,0,0
320,1599,128,2,2024-03-15 05:33:11+00:00,2024-10-18 07:02:01+00:00,,0,0
869,1539,343,1,2025-05-31 21:41:21+00:00,,,0,0
252,729,100,1,2025-02-19 21:15:54+00:00,,,0,0
912,1653,355,2,2025-05-28 22:45:25+00:00,2025-05-30 04:28:12+00:00,fraud,0,0
966,1823,377,4,2024-08-17 11:07:10+00:00,,,0,0
859,1018,339,7,2025-01-22 11:21:50+00:00,2025-05-11 03:08:20+00:00,,0,0
275,1557,109,2,2022-04-22 04:18:31+00:00,2025-01-16 17:49:41+00:00,owner_request,0,0
238,735,96,7,2022-12-31 17:04:33+00:00,2024-09-26 19:42:46+00:00,fraud,0,0
740,279,289,6,2024-01-30 20:42:03+00:00,2024-10-19 08:03:49+00:00,payment_failed,0,0
813,1862,321,2,2024-12-20 01:34:38+00:00,2025-03-25 00:39:52+00:00,payment_failed,0,0
628,1336,250,5,2021-06-10 02:56:39+00:00,,,0,0
847,555,334,1,2025-05-08 08:09:51+00:00,,,0,0
353,1779,146,1,2024-06-08 14:35:48+00:00,2025-01-05 10:16:48+00:00,,0,1
348,1142,142,4,2023-11-18 01:30:06+00:00,,,0,0
79,234,37,3,2024-07-20 17:50:46+00:00,2025-05-16 19:42:54+00:00,fraud,0,0
747,125,292,4,2024-07-10 01:24:35+00:00,,,0,0
443,1851,179,1,2023-06-28 15:51:58+00:00,,,0,0
265,1279,107,1,2023-12-25 02:27:18+00:00,,,0,0
633,284,253,3,2025-02-08 03:18:54+00:00,2025-04-25 08:54:26+00:00,owner_request,0,0
583,1653,236,2,2022-11-22 11:36:47+00:00,2024-09-27 19:51:29+00:00,,0,0
823,1533,324,4,2021-09-30 15:50:54+00:00,,,0,0
259,170,103,5,2025-04-14 01:55:50+00:00,,,0,0
618,1261,247,7,2024-10-17 13:25:37+00:00,2025-02-09 23:25:41+00:00,,0,0
385,1038,158,2,2023-02-28 07:44:25+00:00,2023-03-30 10:30:28+00:00,owner_request,0,0
1059,55,449,1,2024-06-25 09:21:06+00:00,,,1,0
744,755,290,1,2025-02-21 20:00:19+00:00,,,0,0
656,231,259,5,2020-07-02 09:07:44+00:00,,,0,0
445,1758,180,1,2024-06-03 01:21:18+00:00,,,0,0
517,1908,210,1,2024-01-16 03:16:12+00:00,,,0,0
334,242,139,6,2024-07-21 09:16:27+00:00,2024-08-16 09:37:00+00:00,inactive,0,0
738,327,289,1,2022-05-02 20:30:04+00:00,,,0,0
264,1016,106,0,2022-09-15 19:58:38+00:00,,,0,0
802,946,316,0,2021-01-31 20:30:51+00:00,,,0,0
877,814,345,7,2024-01-02 02:52:29+00:00,2024-06-25 11:29:49+00:00,voluntary,0,0
812,1883,321,2,2025-01-29 16:43:39+00:00,2025-03-02 18:07:02+00:00,,0,0
393,1320,163,1,2022-03-23 07:53:33+00:00,,,0,0
593,912,239,1,2023-08-23 06:27:04+00:00,,,0,0
350,1203,145,3,2024-08-06 15:23:40+00:00,2025-04-23 04:22:07+00:00,,0,0
880,781,347,1,2023-10-02 13:09:49+00:00,,,0,0
768,1053,302,5,2025-01-11 11:48:33+00:00,,,0,0
806,443,318,1,2024-09-04 05:47:01+00:00,,,0,0
891,432,351,1,2025-03-04 03:52:04+00:00,,,0,0
424,1240,172,2,2023-02-24 13:06:44+00:00,2023-05-21 22:06:34+00:00,fraud,0,0
658,478,260,1,2024-09-14 14:33:10+00:00,,,0,0
492,1885,201,4,2024-06-23 21:24:21+00:00,,,0,0
844,1054,334,3,2025-03-07 07:22:07+00:00,2025-05-12 23:50:55+00:00,,0,0
395,1089,163,2,2023-08-20 17:21:45+00:00,,inactive,0,0
489,306,199,2,2023-03-12 16:08:53+00:00,2024-11-12 00:00:35+00:00,payment_failed,0,0
151,679,61,1,2025-02-06 04:47:00+00:00,,,0,0
202,1102,79,6,2022-02-02 02:06:02+00:00,2022-07-02 22:17:01+00:00,inactive,0,0
382,327,157,2,2024-08-06 08:20:21+00:00,2025-05-05 01:42:57+00:00,voluntary,0,0
170,1606,67,2,2022-07-14 11:55:24+00:00,2024-07-06 23:37:53+00:00,fraud,0,0
53,271,23,1,2025-01-07 10:08:47+00:00,,,0,0
496,1488,203,1,2025-01-05 22:18:59+00:00,,,0,0
889,1917,350,0,2025-04-19 00:46:15+00:00,,,0,0
272,1428,109,6,2023-09-09 00:28:16+00:00,2024-12-23 14:33:54+00:00,inactive,0,0
547,1538,223,2,2022-04-22 17:57:11+00:00,2023-12-31 10:52:10+00:00,,0,0
826,595,326,2,2023-03-31 16:19:13+00:00,2024-08-01 15:27:25+00:00,owner_request,0,0
51,832,161,1,2024-06-06 14:44:16+00:00,,,0,0
425,1722,172,1,2024-05-29 03:45:21+00:00,,,0,0
585,571,237,1,2022-09-14 13:58:39+00:00,2023-02-16 06:58:09+00:00,,0,1
963,1297,376,2,2021-09-05 11:26:17+00:00,2023-05-26 22:34:41+00:00,,0,0
760,1180,297,0,2024-09-21 12:40:54+00:00,,,0,0
1008,1282,390,1,2025-02-04 21:26:49+00:00,,,0,0
695,656,271,2,2024-09-02 05:24:00+00:00,2024-10-06 13:22:52+00:00,,0,0
400,977,164,1,2024-09-11 02:32:33+00:00,,,0,0
954,523,372,0,2023-11-29 06:03:52+00:00,,,0,0
687,964,268,6,2023-07-10 10:35:36+00:00,2025-03-15 11:37:21+00:00,inactive,0,0
70,853,30,3,2021-07-12 14:59:48+00:00,2022-04-09 02:30:13+00:00,,0,0
126,305,53,0,2024-05-29 03:18:59+00:00,,,0,0
845,953,334,7,2025-04-30 12:01:09+00:00,2025-05-05 12:32:07+00:00,payment_failed,0,0
817,80,322,1,2023-11-17 12:42:20+00:00,,,0,0
681,1186,266,3,2024-01-15 16:16:46+00:00,2025-04-23 11:04:42+00:00,fraud,0,0
1023,343,395,1,2024-05-31 07:52:53+00:00,,,0,0
853,1075,338,7,2025-04-26 11:07:19+00:00,2025-05-19 05:14:53+00:00,voluntary,0,0
10,1858,6,5,2022-07-02 13:23:06+00:00,,,0,0
832,1716,329,2,2025-02-25 00:22:19+00:00,2025-02-27 02:24:53+00:00,,0,0
365,1167,149,6,2025-02-26 23:29:25+00:00,2025-04-07 10:09:47+00:00,payment_failed,0,0
411,97,168,1,2024-09-21 03:58:33+00:00,,,0,0
1005,1135,389,1,2025-04-09 13:58:41+00:00,,,0,0
939,1068,366,1,2025-04-11 03:10:13+00:00,,,0,0
193,463,78,2,2025-02-06 21:28:35+00:00,2025-03-22 17:07:46+00:00,,0,0
616,529,247,1,2025-03-16 21:27:31+00:00,,,0,0
672,1057,264,1,2025-05-07 03:45:26+00:00,,,0,0
231,1008,93,2,2025-02-06 03:41:23+00:00,2025-05-16 06:33:39+00:00,fraud,0,0
1062,793,458,1,2024-03-11 11:46:12+00:00,,,1,0
15,386,9,4,2025-02-13 08:31:01+00:00,,,0,0
940,1464,366,1,2025-05-27 05:09:30+00:00,,,0,0
984,1019,382,1,2022-06-01 08:34:32+00:00,,,0,0
314,1163,126,5,2024-05-06 12:45:03+00:00,,,0,0
390,1691,161,1,2023-08-28 16:35:42+00:00,,,0,0
894,1171,351,2,2025-04-13 19:51:03+00:00,2025-05-27 05:01:23+00:00,,0,0
726,1656,284,3,2024-07-08 01:36:10+00:00,2025-01-15 03:54:55+00:00,voluntary,0,0
1051,1639,450,1,2024-10-28 21:18:34+00:00,,,1,0
209,458,82,1,2023-10-22 21:05:44+00:00,,,0,0
944,1145,369,1,2022-02-15 03:25:12+00:00,,,0,0
728,216,285,2,2021-11-15 02:58:38+00:00,2022-10-06 21:25:04+00:00,inactive,0,0
533,385,215,4,2024-03-24 09:06:41+00:00,,,0,0
317,200,128,3,2025-02-14 05:55:20+00:00,2025-04-21 18:35:42+00:00,voluntary,0,0
883,734,347,1,2023-09-05 21:26:10+00:00,,,0,0
777,894,305,1,2023-10-15 15:38:21+00:00,,,0,0
1025,1929,396,1,2025-02-06 18:35:52+00:00,,,0,0
730,711,286,1,2025-04-14 13:03:29+00:00,,,0,0
116,631,50,1,2024-05-24 10:09:57+00:00,,,0,0
346,1973,142,1,2023-08-14 16:53:56+00:00,,,0,0
399,1732,181,3,2021-01-25 23:05:41+00:00,2024-03-03 23:53:48+00:00,,0,0
610,1376,246,2,2024-07-19 06:44:41+00:00,2025-02-04 18:13:03+00:00,inactive,0,0
870,1447,343,2,2020-10-11 21:40:58+00:00,2025-02-27 11:39:16+00:00,payment_failed,0,0
1060,1256,474,1,2024-05-27 22:09:09+00:00,,,1,0
922,858,359,7,2024-10-07 22:59:20+00:00,2025-02-01 12:33:44+00:00,owner_request,0,0
387,1818,161,1,2024-08-03 03:03:16+00:00,,,0,0
362,1209,148,1,2025-05-25 18:03:59+00:00,,,0,0
91,1012,41,1,2025-02-06 01:51:48+00:00,,,0,0
236,1495,94,2,2024-12-24 20:23:35+00:00,2025-05-13 07:43:06+00:00,inactive,0,0
792,175,315,5,2024-04-16 13:28:40+00:00,,,0,0
99999,1,1,1,2024-01-01 00:00:00+00:00,,,0,0
